rdered by: standard name;;;;;
;;;;;
ncalls;tottime;percall;cumtime;percall;filename:lineno(function)
131779/663;23    0.4;86    0.;000   16.;533    0.;000 indexing.py:1059(__getitem__)
65515/6550;7    0.74;6    0.0;00    3.3;86    0.0;00 base.py:430(__new__)
261941;0.216;0.000;0.995;0.000;managers.py:228(set_axis)
65457;0.154;0.000;0.959;0.000;generic.py:3908(xs)
261824;0.439;0.000;0.940;0.000;utils.py:127(check_setitem_lengths)
65484;0.935;0.000;0.935;0.000;{method 'nonzero' of 'numpy.ndarray' objects}
65507;0.247;0.000;0.935;0.000;base.py:588(_dtype_to_subclass)
396242;0.815;0.000;0.878;0.000;_ufunc_config.py:132(geterr)
196397;0.459;0.000;0.863;0.000;managers.py:1917(from_blocks)
65457;0.355;0.000;0.856;0.000;numeric.py:2407(array_equal)
787504;0.474;0.000;0.821;0.000;common.py:1556(get_dtype)
65472;0.292;0.000;0.801;0.000;numeric.py:132(_ensure_array)
261930;0.447;0.000;0.793;0.000;blocks.py:2186(check_ndim)
655598;0.780;0.000;0.780;0.000;generic.py:5888(__getattr__)
261941;0.271;0.000;0.779;0.000;base.py:58(_validate_set_axis)
130994;0.335;0.000;0.771;0.000;missing.py:699(is_valid_na_for_dtype)
330013;0.294;0.000;0.749;0.000;common.py:1154(needs_i8_conversion)
458196;0.286;0.000;0.748;0.000;utils.py:66(is_list_like_indexer)
458195;0.237;0.000;0.732;0.000;datetimes.py:541(tzinfo)
65457;0.107;0.000;0.712;0.000;common.py:1097(is_datetimelike_v_numeric)
720084;0.693;0.000;0.693;0.000;{method 'view' of 'numpy.ndarray' objects}
30/24;0.000;0.000;0.690;0.029;_decorators.py:323(wrapper)
3273803;0.643;0.000;0.643;0.000;datetimes.py:495(dtype)
261981;0.385;0.000;0.634;0.000;blocks.py:2091(maybe_coerce_values)
261983;0.503;0.000;0.625;0.000;blocks.py:2120(get_block_type)
261936;0.464;0.000;0.610;0.000;config.py:597(_get_root)
130970;0.439;0.000;0.608;0.000;blocks.py:236(make_block_same_class)
261931;0.252;0.000;0.608;0.000;construction.py:861(is_empty_data)
130940;0.216;0.000;0.608;0.000;algorithms.py:1484(take)
198178;0.382;0.000;0.602;0.000;base.py:690(_simple_new)
328311;0.552;0.000;0.596;0.000;base.py:5254(__contains__)
5;0.000;0.000;0.575;0.115;accessor.py:121(wrapper)
5;0.000;0.000;0.574;0.115;object_array.py:39(_str_map)
5;0.088;0.018;0.560;0.112;{pandas._libs.lib.map_infer_mask}
392755;0.243;0.000;0.554;0.000;datetimelike.py:295(asi8)
851255;0.394;0.000;0.549;0.000;range.py:946(__len__)
130960;0.347;0.000;0.549;0.000;numeric.py:1348(normalize_axis_tuple)
130920;0.462;0.000;0.548;0.000;datetimes.py:449(_unbox_scalar)
261933;0.161;0.000;0.545;0.000;config.py:650(_warn_if_deprecated)
65467;0.221;0.000;0.532;0.000;base.py:742(__iter__)
523869;0.524;0.000;0.524;0.000;config.py:611(_get_deprecated_option)
198101;0.356;0.000;0.507;0.000;_mixins.py:283(__getitem__)
196465;0.211;0.000;0.486;0.000;construction.py:676(_sanitize_ndim)
196456;0.158;0.000;0.479;0.000;common.py:566(require_length_match)
65466;0.062;0.000;0.472;0.000;{method 'all' of 'numpy.ndarray' objects}
327767;0.465;0.000;0.465;0.000;{method 'split' of 'str' objects}
589370;0.357;0.000;0.464;0.000;construction.py:461(ensure_wrapped_if_datetimelike)
131000;0.304;0.000;0.454;0.000;construction.py:744(_try_cast)
196406;0.095;0.000;0.452;0.000;dispatch.py:13(should_extension_dispatch)
132777;0.188;0.000;0.445;0.000;common.py:1246(is_float_dtype)
131666;0.112;0.000;0.439;0.000;series.py:1072(_get_value)
130930;0.216;0.000;0.431;0.000;common.py:99(_maybe_match_name)
131015;0.216;0.000;0.421;0.000;common.py:585(is_dtype_equal)
788078;0.312;0.000;0.420;0.000;common.py:362(apply_if_callable)
720390;0.312;0.000;0.417;0.000;base.py:925(__len__)
1642670;0.413;0.000;0.413;0.000;{pandas._libs.lib.is_scalar}
65466;0.047;0.000;0.410;0.000;_methods.py:61(_all)
1;0.003;0.003;0.409;0.409;<ipython-input-131-21af78044bcb>:194(process_data)
65508;0.162;0.000;0.407;0.000;base.py:54(shape)
526455;0.405;0.000;0.405;0.000;flags.py:49(__init__)
65472;0.094;0.000;0.402;0.000;_mixins.py:154(take)
196442;0.279;0.000;0.382;0.000;blocks.py:2250(extend_blocks)
1114624;0.371;0.000;0.371;0.000;generic.py:550(_get_axis_number)
396242;0.371;0.000;0.371;0.000;{built-in method numpy.seterrobj}
130920;0.162;0.000;0.369;0.000;<__array_function__ internals>:177(empty_like)
130912;0.126;0.000;0.367;0.000;indexing.py:2629(is_label_like)
1;0.000;0.000;0.362;0.362;accessor.py:780(split)
1;0.000;0.000;0.362;0.362;object_array.py:309(_str_split)
261894;0.248;0.000;0.360;0.000;common.py:1433(is_extension_array_dtype)
460950;0.358;0.000;0.358;0.000;flags.py:85(allows_duplicate_labels)
196368;0.095;0.000;0.351;0.000;indexing.py:2247(<genexpr>)
196369;0.228;0.000;0.349;0.000;inference.py:363(is_sequence)
65469;0.144;0.000;0.343;0.000;datetimelike.py:560(copy)
65489;0.134;0.000;0.343;0.000;blocks.py:2266(ensure_block_shape)
131860;0.200;0.000;0.341;0.000;base.py:3754(get_loc)
65830;0.021;0.000;0.340;0.000;object_array.py:340(<lambda>)
65460;0.247;0.000;0.337;0.000;datetimes.py:265(_simple_new)
1967878;0.336;0.000;0.336;0.000;{built-in method builtins.hash}
65526;0.160;0.000;0.324;0.000;inference.py:266(is_dict_like)
65456;0.091;0.000;0.319;0.000;indexing.py:881(_is_nested_tuple_indexer)
130924;0.128;0.000;0.310;0.000;series.py:846(__array__)
525664;0.211;0.000;0.306;0.000;common.py:148(<lambda>)
458406;0.216;0.000;0.296;0.000;base.py:7277(ensure_index)
261881;0.193;0.000;0.283;0.000;common.py:1751(pandas_dtype)
65460;0.079;0.000;0.270;0.000;<__array_function__ internals>:177(ndim)
65456;0.171;0.000;0.265;0.000;indexing.py:770(_ensure_listlike_indexer)
787399;0.262;0.000;0.262;0.000;managers.py:2433(_using_copy_on_write)
261936;0.121;0.000;0.261;0.000;config.py:638(_translate_key)
1;0.002;0.002;0.258;0.258;groupby.py:1592(_python_apply_general)
1;0.000;0.000;0.258;0.258;groupby.py:1511(apply)
65476;0.146;0.000;0.256;0.000;base.py:2752(_is_all_dates)
1;0.005;0.005;0.256;0.256;ops.py:822(apply)
261834;0.173;0.000;0.250;0.000;datetimelike.py:2012(_reso)
66371;0.067;0.000;0.249;0.000;series.py:1267(_set_as_cached)
196523;0.082;0.000;0.246;0.000;base.py:56(<genexpr>)
65467;0.033;0.000;0.241;0.000;series.py:764(__len__)
394488;0.240;0.000;0.240;0.000;{method '_from_backing_data' of 'pandas._libs.arrays.NDArrayBacked' objects}
392934;0.174;0.000;0.239;0.000;common.py:1420(is_1d_only_ea_dtype)
196465;0.137;0.000;0.238;0.000;construction.py:733(_maybe_repeat)
1448238;0.236;0.000;0.236;0.000;{built-in method builtins.issubclass}
1571221;0.232;0.000;0.232;0.000;base.py:324(ndim)
327282;0.189;0.000;0.226;0.000;datetimelike.py:726(_validate_listlike)
65491;0.074;0.000;0.225;0.000;common.py:736(is_signed_integer_dtype)
65456;0.162;0.000;0.221;0.000;indexing.py:1130(_is_scalar_access)
792484;0.219;0.000;0.219;0.000;{built-in method numpy.geterrobj}
261866;0.188;0.000;0.218;0.000;range.py:541(equals)
982884;0.207;0.000;0.207;0.000;{pandas._libs.lib.item_from_zerodim}
131005;0.157;0.000;0.207;0.000;<frozen importlib._bootstrap>:1207(_handle_fromlist)
82;0.203;0.002;0.204;0.002;{pandas._libs.lib.maybe_convert_objects}
65491;0.077;0.000;0.200;0.000;common.py:790(is_unsigned_integer_dtype)
392736;0.148;0.000;0.196;0.000;indexing.py:2661(<genexpr>)
65462;0.059;0.000;0.195;0.000;frame.py:874(shape)
131666;0.094;0.000;0.194;0.000;base.py:5934(_get_values_for_loc)
196368;0.117;0.000;0.188;0.000;indexing.py:1064(<genexpr>)
65480;0.053;0.000;0.186;0.000;frame.py:4271(_clear_item_cache)
196368;0.116;0.000;0.184;0.000;indexing.py:811(<genexpr>)
130938;0.180;0.000;0.180;0.000;{method 'take' of 'numpy.ndarray' objects}
65469;0.178;0.000;0.178;0.000;{function DatetimeLikeArrayMixin.copy at 0x11259d800}
860;0.003;0.000;0.178;0.000;<ipython-input-131-21af78044bcb>:233(<lambda>)
130960;0.115;0.000;0.177;0.000;numeric.py:1398(<listcomp>)
921903;0.174;0.000;0.174;0.000;generic.py:353(flags)
525511;0.174;0.000;0.174;0.000;managers.py:2009(_block)
131030;0.126;0.000;0.174;0.000;common.py:1487(is_ea_or_datetimelike_dtype)
525664;0.173;0.000;0.173;0.000;common.py:146(classes)
65456;0.098;0.000;0.168;0.000;indexing.py:2230(<listcomp>)
65477;0.062;0.000;0.167;0.000;base.py:46(__len__)
65456;0.055;0.000;0.167;0.000;indexing.py:842(_expand_ellipsis)
130912;0.094;0.000;0.166;0.000;indexing.py:2225(ravel)
65458;0.065;0.000;0.166;0.000;common.py:1500(is_complex_dtype)
3;0.000;0.000;0.166;0.055;accessor.py:1127(contains)
3;0.000;0.000;0.165;0.055;object_array.py:117(_str_contains)
990292;0.164;0.000;0.164;0.000;{pandas._libs.lib.is_integer}
262709;0.163;0.000;0.163;0.000;frame.py:857(axes)
392736;0.123;0.000;0.161;0.000;indexing.py:2672(<genexpr>)
65463;0.158;0.000;0.158;0.000;{method 'reshape' of 'pandas._libs.arrays.NDArrayBacked' objects}
261824;0.117;0.000;0.158;0.000;common.py:313(is_null_slice)
261936;0.151;0.000;0.151;0.000;config.py:579(_select_options)
460953;0.149;0.000;0.149;0.000;generic.py:332(attrs)
3;0.000;0.000;0.149;0.050;cast.py:120(maybe_convert_platform)
884;0.002;0.000;0.142;0.000;frame.py:609(__init__)
984512;0.139;0.000;0.139;0.000;{built-in method builtins.callable}
65494;0.051;0.000;0.139;0.000;frame.py:1498(__len__)
1;0.002;0.002;0.139;0.139;readers.py:571(_read)
05-feb;0.000;0.000;0.139;0.070;_decorators.py:170(wrapper)
1;0.000;0.000;0.139;0.139;readers.py:854(read_csv)
1012687;0.136;0.000;0.136;0.000;{method 'append' of 'list' objects}
920147;0.135;0.000;0.135;0.000;typing.py:2246(cast)
786437;0.134;0.000;0.134;0.000;{pandas._libs.lib.is_iterator}
131666;0.096;0.000;0.134;0.000;range.py:385(get_loc)
196478;0.133;0.000;0.133;0.000;{built-in method pandas._libs.missing.checknull}
65480;0.133;0.000;0.133;0.000;{method 'clear' of 'dict' objects}
196520;0.104;0.000;0.131;0.000;blocks.py:500(dtype)
1;0.000;0.000;0.129;0.129;readers.py:1762(read)
65462;0.104;0.000;0.128;0.000;array_ops.py:445(maybe_prepare_scalar_for_op)
2;0.002;0.001;0.128;0.064;construction.py:496(nested_data_to_arrays)
2;0.000;0.000;0.126;0.063;construction.py:790(to_arrays)
1;0.002;0.002;0.123;0.123;apply.py:1108(apply)
1;0.000;0.000;0.123;0.123;c_parser_wrapper.py:218(read)
1;0.000;0.000;0.123;0.123;series.py:4661(apply)
131860;0.120;0.000;0.120;0.000;{method 'get_loc' of 'pandas._libs.index.IndexEngine' objects}
1;0.000;0.000;0.120;0.120;apply.py:1159(apply_standard)
1;0.118;0.118;0.119;0.119;{method 'read_low_memory' of 'pandas._libs.parsers.TextReader' objects}
130920;0.094;0.000;0.118;0.000;managers.py:222(_normalize_axis)
65475;0.035;0.000;0.118;0.000;__init__.py:152(align_method_SERIES)
131002;0.089;0.000;0.115;0.000;construction.py:713(_sanitize_str_dtypes)
132831;0.085;0.000;0.114;0.000;common.py:156(<lambda>)
196609;0.082;0.000;0.112;0.000;inference.py:292(<genexpr>)
196368;0.080;0.000;0.108;0.000;indexing.py:888(<genexpr>)
198202;0.107;0.000;0.107;0.000;base.py:870(_reset_identity)
130989;0.107;0.000;0.107;0.000;cast.py:1422(sanitize_to_nanoseconds)
460953;0.105;0.000;0.105;0.000;flags.py:53(allows_duplicate_labels)
212822;0.064;0.000;0.103;0.000;object_array.py:124(<lambda>)
196368;0.076;0.000;0.101;0.000;indexing.py:1063(<genexpr>)
393701;0.097;0.000;0.097;0.000;series.py:546(_constructor)
130912;0.075;0.000;0.096;0.000;indexing.py:899(_validate_key_length)
196368;0.073;0.000;0.096;0.000;indexing.py:810(<genexpr>)
261830;0.094;0.000;0.094;0.000;{built-in method builtins.iter}
1;0.000;0.000;0.093;0.093;datetimes.py:705(to_datetime)
132742;0.068;0.000;0.092;0.000;common.py:151(cast_scalar_indexer)
860;0.001;0.000;0.091;0.000;generic.py:11777(sum)
130981;0.075;0.000;0.090;0.000;base.py:839(is_)
860;0.001;0.000;0.090;0.000;generic.py:11492(sum)
860;0.002;0.000;0.089;0.000;generic.py:11443(_min_count_stat_function)
262798;0.087;0.000;0.087;0.000;managers.py:172(blknos)
1;0.000;0.000;0.087;0.087;datetimes.py:194(_maybe_cache)
864;0.004;0.000;0.086;0.000;series.py:4773(_reduce)
261866;0.083;0.000;0.083;0.000;datetimelike.py:926(freq)
198204;0.083;0.000;0.083;0.000;{built-in method __new__ of type object at 0x102d6eda8}
1;0.000;0.000;0.081;0.081;datetimes.py:325(_convert_listlike_datetimes)
196368;0.080;0.000;0.080;0.000;datetimelike.py:2082(_maybe_clear_freq)
1;0.080;0.080;0.080;0.080;{pandas._libs.tslibs.strptime.array_strptime}
1;0.000;0.000;0.080;0.080;datetimes.py:458(_array_strptime_with_fallback)
1;0.000;0.000;0.080;0.080;datetimes.py:506(_to_datetime_with_format)
130920;0.079;0.000;0.079;0.000;numeric.py:1234(<dictcomp>)
65456;0.066;0.000;0.079;0.000;blocks.py:323(should_store)
552605;0.078;0.000;0.078;0.000;{method 'join' of 'str' objects}
7;0.000;0.000;0.078;0.011;missing.py:309(_isna_string_dtype)
262785;0.077;0.000;0.077;0.000;managers.py:188(blklocs)
261834;0.077;0.000;0.077;0.000;{pandas._libs.tslibs.np_datetime.py_get_unit_from_dtype}
130914;0.076;0.000;0.076;0.000;indexing.py:278(loc)
65458;0.076;0.000;0.076;0.000;{built-in method pandas._libs.tslibs.timedeltas.delta_to_nanoseconds}
11;0.004;0.000;0.075;0.007;managers.py:1864(_consolidate_inplace)
9;0.000;0.000;0.075;0.008;generic.py:3873(_take)
65531;0.074;0.000;0.074;0.000;{built-in method numpy.array}
1;0.000;0.000;0.073;0.073;frame.py:6424(dropna)
4;0.000;0.000;0.072;0.018;managers.py:2319(_consolidate)
20;0.041;0.002;0.071;0.004;managers.py:2361(_merge_blocks)
861;0.001;0.000;0.071;0.000;ops.py:1321(__iter__)
862;0.004;0.000;0.070;0.000;nanops.py:83(_f)
8;0.000;0.000;0.070;0.009;generic.py:3894(_take_with_is_copy)
65460;0.051;0.000;0.069;0.000;function_base.py:346(iterable)
5;0.000;0.000;0.069;0.014;missing.py:357(notna)
15;0.000;0.000;0.068;0.005;blocks.py:345(apply)
1;0.000;0.000;0.067;0.067;base.py:141(isna)
1;0.000;0.000;0.067;0.067;frame.py:6377(isna)
198121;0.066;0.000;0.066;0.000;_ufunc_config.py:426(__init__)
65456;0.048;0.000;0.066;0.000;indexing.py:2185(_ensure_iterable_column_indexer)
1;0.015;0.015;0.066;0.066;{pandas._libs.lib.map_infer}
196429;0.065;0.000;0.065;0.000;base.py:986(dtype)
6;0.000;0.000;0.065;0.011;frame.py:3832(_getitem_bool_array)
1;0.064;0.064;0.064;0.064;{pandas._libs.missing.isnaobj2d}
65457;0.048;0.000;0.064;0.000;indexing.py:1108(_validate_key)
65456;0.040;0.000;0.064;0.000;base.py:931(__array__)
15;0.000;0.000;0.064;0.004;generic.py:6258(copy)
860;0.003;0.000;0.063;0.000;ops.py:1351(_chop)
15;0.000;0.000;0.063;0.004;managers.py:616(copy)
130981;0.061;0.000;0.061;0.000;{built-in method numpy.core._multiarray_umath.normalize_axis_index}
2;0.000;0.000;0.061;0.030;construction.py:1038(_convert_object_array)
12;0.000;0.000;0.061;0.005;construction.py:1054(convert)
2;0.000;0.000;0.061;0.030;construction.py:1060(<listcomp>)
2;0.000;0.000;0.061;0.030;construction.py:958(_finalize_columns_and_data)
262078;0.060;0.000;0.060;0.000;base.py:5090(_values)
328326;0.060;0.000;0.060;0.000;{method 'get' of 'dict' objects}
86/72;0.000;0.000;0.060;0.001;take.py:57(take_nd)
13;0.000;0.000;0.058;0.004;managers.py:689(reindex_indexer)
45;0.000;0.000;0.057;0.001;blocks.py:861(take_nd)
196368;0.056;0.000;0.056;0.000;indexing.py:848(<genexpr>)
196402;0.056;0.000;0.056;0.000;managers.py:330(<dictcomp>)
1;0.000;0.000;0.056;0.056;construction.py:921(_list_of_dict_to_arrays)
65510;0.055;0.000;0.055;0.000;{method 'ravel' of 'numpy.ndarray' objects}
65465;0.043;0.000;0.055;0.000;managers.py:233(is_single_block)
65830;0.032;0.000;0.052;0.000;<ipython-input-134-80e15ba39301>:70(<lambda>)
860;0.009;0.000;0.052;0.000;{method 'get_slice' of 'pandas._libs.internals.BlockManager' objects}
862;0.002;0.000;0.052;0.000;nanops.py:403(new_func)
4;0.000;0.000;0.051;0.013;astype.py:192(astype_array)
4;0.000;0.000;0.051;0.013;astype.py:239(astype_array_safe)
4;0.000;0.000;0.051;0.013;blocks.py:504(astype)
2;0.000;0.000;0.051;0.025;generic.py:6076(astype)
2;0.000;0.000;0.051;0.025;managers.py:447(astype)
65468;0.050;0.000;0.050;0.000;{built-in method _simple_new}
860;0.001;0.000;0.050;0.000;nanops.py:469(newfunc)
3;0.000;0.000;0.050;0.017;frame.py:6128(reset_index)
860;0.002;0.000;0.049;0.000;nanops.py:588(nansum)
10;0.000;0.000;0.049;0.005;managers.py:944(take)
196374;0.048;0.000;0.048;0.000;multiarray.py:1130(putmask)
1;0.000;0.000;0.047;0.047;accessor.py:1994(strip)
1;0.000;0.000;0.047;0.047;object_array.py:427(_str_strip)
130930;0.046;0.000;0.046;0.000;generic.py:664(ndim)
11;0.000;0.000;0.046;0.004;arraylike.py:40(__eq__)
9;0.000;0.000;0.046;0.005;managers.py:751(<listcomp>)
70;0.000;0.000;0.046;0.001;take.py:120(_take_nd_ndarray)
1;0.044;0.044;0.044;0.044;{pandas._libs.tslibs.vectorized.ints_to_pydatetime}
1;0.000;0.000;0.044;0.044;datetimelike.py:425(astype)
1;0.000;0.000;0.044;0.044;datetimes.py:599(astype)
21;0.000;0.000;0.044;0.002;generic.py:5959(_protect_consolidate)
21;0.000;0.000;0.044;0.002;generic.py:5973(_consolidate_inplace)
130912;0.043;0.000;0.043;0.000;contextlib.py:428(__init__)
5;0.043;0.009;0.043;0.009;{pandas._libs.ops.scalar_compare}
1;0.010;0.010;0.043;0.043;{pandas._libs.lib.fast_unique_multiple_list_gen}
5;0.000;0.000;0.043;0.009;array_ops.py:60(comp_method_OBJECT_ARRAY)
865;0.001;0.000;0.042;0.000;indexing.py:1592(_getitem_axis)
130918;0.041;0.000;0.041;0.000;stride_tricks.py:345(<genexpr>)
131053;0.041;0.000;0.041;0.000;{built-in method numpy.asanyarray}
82;0.000;0.000;0.041;0.000;<__array_function__ internals>:177(concatenate)
869;0.005;0.000;0.040;0.000;nanops.py:261(_get_values)
862;0.002;0.000;0.040;0.000;indexing.py:1629(_get_slice_axis)
21;0.000;0.000;0.040;0.002;generic.py:5977(f)
21;0.000;0.000;0.040;0.002;managers.py:673(consolidate)
66321;0.039;0.000;0.039;0.000;indexing.py:139(iloc)
212824;0.039;0.000;0.039;0.000;{method 'search' of 're.Pattern' objects}
199074;0.037;0.000;0.037;0.000;{pandas._libs.lib.is_float}
131027;0.036;0.000;0.036;0.000;base.py:1734(name)
132831;0.036;0.000;0.036;0.000;common.py:151(classes_and_not_datetimelike)
65456;0.028;0.000;0.036;0.000;indexing.py:2612(is_nested_tuple)
65456;0.026;0.000;0.036;0.000;common.py:333(is_full_slice)
65459;0.035;0.000;0.035;0.000;stride_tricks.py:25(_maybe_view_as_subclass)
865;0.002;0.000;0.034;0.000;series.py:1068(_get_values)
863;0.000;0.000;0.034;0.000;series.py:961(_slice)
130912;0.033;0.000;0.033;0.000;contextlib.py:434(__exit__)
83;0.033;0.000;0.033;0.000;{method 'copy' of 'numpy.ndarray' objects}
64706;0.027;0.000;0.033;0.000;construction.py:945(<genexpr>)
130927;0.031;0.000;0.031;0.000;datetimes.py:194(_scalar_type)
131053;0.031;0.000;0.031;0.000;{pandas._libs.algos.ensure_platform_int}
66322;0.029;0.000;0.029;0.000;function.py:56(__call__)
130920;0.029;0.000;0.029;0.000;numeric.py:1143(_roll_dispatcher)
65484;0.029;0.000;0.029;0.000;{built-in method builtins.sum}
65830;0.018;0.000;0.029;0.000;object_array.py:428(<lambda>)
8;0.000;0.000;0.029;0.004;<__array_function__ internals>:177(vstack)
8;0.000;0.000;0.029;0.004;shape_base.py:223(vstack)
65503;0.028;0.000;0.028;0.000;managers.py:238(items)
130952;0.028;0.000;0.028;0.000;{method 'items' of 'dict' objects}
28;0.000;0.000;0.027;0.001;blocks.py:544(copy)
33;0.000;0.000;0.027;0.001;frame.py:3955(__setitem__)
33;0.000;0.000;0.027;0.001;frame.py:4164(_set_item)
130920;0.026;0.000;0.026;0.000;multiarray.py:84(empty_like)
1;0.000;0.000;0.026;0.026;frame.py:6862(sort_values)
130960;0.025;0.000;0.025;0.000;{built-in method _operator.index}
130963;0.024;0.000;0.024;0.000;managers.py:1882(ndim)
131666;0.024;0.000;0.024;0.000;{method 'index' of 'range' objects}
3;0.000;0.000;0.023;0.008;concat.py:146(concat)
131860;0.022;0.000;0.022;0.000;base.py:6569(_maybe_cast_indexer)
130912;0.021;0.000;0.021;0.000;contextlib.py:431(__enter__)
3;0.000;0.000;0.021;0.007;concat.py:176(concatenate_managers)
3;0.000;0.000;0.021;0.007;concat.py:565(get_result)
65468;0.020;0.000;0.020;0.000;base.py:1194(_maybe_disallow_fill)
65460;0.020;0.000;0.020;0.000;fromnumeric.py:3152(ndim)
65459;0.020;0.000;0.020;0.000;{method '__exit__' of 'numpy.nditer' objects}
65472;0.018;0.000;0.018;0.000;numeric.py:192(_ensure_dtype)
65468;0.018;0.000;0.018;0.000;{pandas._libs.tslibs.np_datetime.is_unitless}
93;0.017;0.000;0.018;0.000;cast.py:527(maybe_promote)
869;0.001;0.000;0.016;0.000;nanops.py:217(_maybe_get_mask)
33;0.000;0.000;0.016;0.000;frame.py:4892(_sanitize_column)
1;0.000;0.000;0.016;0.016;frame.py:5251(drop)
1;0.000;0.000;0.016;0.016;generic.py:4475(drop)
1;0.015;0.015;0.015;0.015;<ipython-input-134-80e15ba39301>:129(<listcomp>)
65507;0.015;0.000;0.015;0.000;base.py:241(disallow_kwargs)
65473;0.015;0.000;0.015;0.000;numeric.py:181(_validate_dtype)
65457;0.015;0.000;0.015;0.000;numeric.py:2403(_array_equal_dispatcher)
65459;0.015;0.000;0.015;0.000;stride_tricks.py:363(_broadcast_to_dispatcher)
65460;0.014;0.000;0.014;0.000;fromnumeric.py:3148(_ndim_dispatcher)
6;0.014;0.002;0.014;0.002;{built-in method pandas._libs.missing.isnaobj}
65830;0.013;0.000;0.013;0.000;{built-in method combine}
1;0.000;0.000;0.013;0.013;generic.py:4512(_drop_axis)
65456;0.012;0.000;0.012;0.000;indexing.py:1127(_has_valid_setitem_indexer)
865;0.005;0.000;0.012;0.000;managers.py:2023(getitem_mgr)
4;0.000;0.000;0.012;0.003;managers.py:774(_slice_take_blocks_ax0)
65456;0.011;0.000;0.011;0.000;blocks.py:815(_unwrap_setitem_indexer)
65830;0.011;0.000;0.011;0.000;{method 'strip' of 'str' objects}
6;0.000;0.000;0.011;0.002;concat.py:527(_concatenate_join_units)
65458;0.010;0.000;0.010;0.000;blocks.py:809(_maybe_squeeze_arg)
1;0.010;0.010;0.010;0.010;construction.py:952(<listcomp>)
8;0.010;0.001;0.010;0.001;{pandas._libs.algos.take_2d_axis1_object_object}
33;0.000;0.000;0.010;0.000;frame.py:4139(_set_item_mgr)
9;0.000;0.000;0.010;0.001;generic.py:443(transform)
9;0.000;0.000;0.010;0.001;groupby.py:1827(_transform)
4;0.009;0.002;0.009;0.002;{pandas._libs.algos.take_2d_axis0_float64_float64}
7;0.009;0.001;0.009;0.001;{pandas._libs.algos.take_2d_axis1_float64_float64}
1;0.009;0.009;0.009;0.009;{pandas._libs.lib.to_object_array}
8;0.000;0.000;0.009;0.001;cast.py:1178(maybe_infer_to_datetimelike)
8;0.000;0.000;0.009;0.001;concat.py:71(concat_compat)
1;0.000;0.000;0.009;0.009;construction.py:879(_list_to_arrays)
62;0.007;0.000;0.007;0.000;{method 'astype' of 'numpy.ndarray' objects}
12;0.006;0.001;0.007;0.001;cast.py:1763(construct_1d_object_array_from_listlike)
1;0.002;0.002;0.007;0.007;sorting.py:378(nargsort)
2;0.000;0.000;0.007;0.003;construction.py:423(dict_to_mgr)
1;0.000;0.000;0.007;0.007;readers.py:1395(__init__)
1;0.000;0.000;0.007;0.007;readers.py:1703(_make_engine)
70;0.000;0.000;0.007;0.000;take.py:554(_take_preprocess_indexer_and_fill_value)
240;0.006;0.000;0.006;0.000;{built-in method numpy.empty}
1;0.006;0.006;0.006;0.006;{built-in method pandas._libs.tslib.array_to_datetime}
64711;0.006;0.000;0.006;0.000;{method 'keys' of 'dict' objects}
65830;0.006;0.000;0.006;0.000;{method 'time' of 'datetime.datetime' objects}
28;0.006;0.000;0.006;0.000;{pandas._libs.lib.infer_dtype}
6;0.004;0.001;0.006;0.001;managers.py:2305(_stack_arrays)
1810;0.002;0.000;0.006;0.000;common.py:684(is_integer_dtype)
3;0.000;0.000;0.006;0.002;astype.py:68(astype_nansafe)
10;0.000;0.000;0.006;0.001;base.py:192(grouped_reduce)
46;0.000;0.000;0.006;0.000;base.py:708(_with_infer)
1;0.000;0.000;0.006;0.006;cast.py:1211(try_datetime)
4;0.000;0.000;0.006;0.002;construction.py:100(arrays_to_mgr)
1;0.000;0.000;0.006;0.006;datetimes.py:1965(sequence_to_datetimes)
3;0.000;0.000;0.006;0.002;datetimes.py:1980(_sequence_to_dt64ns)
1;0.000;0.000;0.006;0.006;datetimes.py:2129(objects_to_datetime64ns)
1;0.000;0.000;0.006;0.006;generic.py:3778(take)
10;0.000;0.000;0.006;0.001;groupby.py:1759(_cython_agg_general)
9;0.000;0.000;0.006;0.001;groupby.py:2103(mean)
20;0.000;0.000;0.006;0.000;managers.py:1394(insert)
4;0.000;0.000;0.006;0.001;managers.py:2182(create_block_manager_from_column_arrays)
4;0.000;0.000;0.006;0.001;managers.py:2253(_form_blocks)
1;0.000;0.000;0.006;0.006;ops.py:1334(sorted_data)
1;0.005;0.005;0.005;0.005;c_parser_wrapper.py:49(__init__)
20;0.005;0.000;0.005;0.000;{built-in method builtins.max}
9;0.005;0.001;0.005;0.001;{built-in method builtins.min}
7;0.000;0.000;0.005;0.001;accessor.py:178(__get__)
4;0.000;0.000;0.005;0.001;accessor.py:178(__init__)
1;0.000;0.000;0.005;0.005;algorithms.py:315(unique)
7;0.000;0.000;0.005;0.001;base.py:3888(get_indexer)
1;0.000;0.000;0.005;0.005;base.py:796(_map_values)
10;0.000;0.000;0.005;0.001;groupby.py:1789(array_func)
10;0.000;0.000;0.005;0.001;ops.py:1020(_cython_operation)
1;0.000;0.000;0.005;0.005;series.py:4460(map)
31;0.004;0.000;0.004;0.000;{method 'argsort' of 'numpy.ndarray' objects}
1;0.004;0.004;0.004;0.004;{method 'unique' of 'pandas._libs.hashtable.StringHashTable' objects}
16;0.004;0.000;0.004;0.000;{pandas._libs.algos.take_2d_axis0_int64_int64}
860;0.002;0.000;0.004;0.000;base.py:5356(_getitem_slice)
1;0.002;0.002;0.004;0.004;c_parser_wrapper.py:351(_concatenate_chunks)
3446;0.002;0.000;0.004;0.000;nanops.py:86(<genexpr>)
4;0.000;0.000;0.004;0.001;accessor.py:197(_validate)
1;0.000;0.000;0.004;0.004;algorithms.py:412(unique_with_mask)
20;0.000;0.000;0.004;0.000;base.py:6844(insert)
13;0.000;0.000;0.004;0.000;frame.py:4132(_iset_item_mgr)
9;0.000;0.000;0.004;0.000;groupby.py:1876(_wrap_transform_fast_result)
10;0.000;0.000;0.004;0.000;ops.py:936(has_dropped_na)
11;0.000;0.000;0.004;0.000;ops.py:944(group_info)
11;0.000;0.000;0.004;0.000;ops.py:966(_get_compressed_codes)
6;0.003;0.001;0.003;0.001;{method 'get_indexer' of 'pandas._libs.index.IndexEngine' objects}
2;0.003;0.001;0.003;0.001;{pandas._libs.algos.take_2d_axis0_object_object}
1;0.003;0.003;0.003;0.003;{pandas._libs.lib.dicts_to_array}
8;0.003;0.000;0.003;0.000;{pandas._libs.lib.infer_datetimelike_array}
11;0.000;0.000;0.003;0.000;algorithms.py:593(factorize)
6;0.000;0.000;0.003;0.001;base.py:3975(_get_indexer)
1;0.000;0.000;0.003;0.003;generic.py:4598(_update_inplace)
11;0.000;0.000;0.003;0.000;grouper.py:615(codes)
11;0.000;0.000;0.003;0.000;grouper.py:658(_codes_and_uniques)
1;0.000;0.000;0.003;0.003;rolling.py:1453(sum)
1;0.000;0.000;0.003;0.003;rolling.py:2009(sum)
1;0.000;0.000;0.003;0.003;rolling.py:471(_apply_series)
1;0.000;0.000;0.003;0.003;rolling.py:491(_apply_blockwise)
1;0.000;0.000;0.003;0.003;rolling.py:606(_apply)
13;0.000;0.000;0.003;0.000;series.py:6247(_logical_method)
14;0.000;0.000;0.003;0.000;take.py:350(wrapper)
29;0.002;0.000;0.002;0.000;base.py:2381(is_unique)
21;0.002;0.000;0.002;0.000;function_base.py:5054(delete)
16;0.002;0.000;0.002;0.000;{method 'fill' of 'numpy.ndarray' objects}
5;0.002;0.000;0.002;0.000;{method 'tolist' of 'numpy.ndarray' objects}
1;0.002;0.002;0.002;0.002;{pandas._libs.window.aggregations.roll_sum}
862;0.001;0.000;0.002;0.000;base.py:4205(_validate_positional_slice)
2584;0.001;0.000;0.002;0.000;nanops.py:79(check)
21;0.000;0.000;0.002;0.000;<__array_function__ internals>:177(delete)
11;0.000;0.000;0.002;0.000;algorithms.py:530(factorize_array)
10;0.000;0.000;0.002;0.000;arraylike.py:70(__and__)
5;0.000;0.000;0.002;0.000;base.py:721(tolist)
09-jul;0.000;0.000;0.002;0.000;blocks.py:1278(shift)
10;0.000;0.000;0.002;0.000;blocks.py:1920(delete)
1;0.000;0.000;0.002;0.002;common.py:645(get_handle)
3;0.000;0.000;0.002;0.001;concat.py:389(__init__)
12;0.000;0.000;0.002;0.000;concat.py:444(get_reindexed_values)
6;0.000;0.000;0.002;0.000;concat.py:542(<listcomp>)
11;0.000;0.000;0.002;0.000;frame.py:8267(groupby)
5;0.000;0.000;0.002;0.000;generic.py:1516(__invert__)
21;0.000;0.000;0.002;0.000;groupby.py:922(__init__)
1;0.000;0.000;0.002;0.002;rolling.py:639(homogeneous_func)
1;0.000;0.000;0.002;0.002;rolling.py:645(calc)
2589;0.001;0.000;0.001;0.000;base.py:6582(_validate_indexer)
875;0.001;0.000;0.001;0.000;blocks.py:836(_slice)
878;0.001;0.000;0.001;0.000;common.py:537(is_string_or_object_np_dtype)
860;0.001;0.000;0.001;0.000;nanops.py:1453(_maybe_null_out)
869;0.001;0.000;0.001;0.000;nanops.py:350(_na_ok_dtype)
10;0.001;0.000;0.001;0.000;ops.py:537(_call_cython_op)
31;0.001;0.000;0.001;0.000;{built-in method _codecs.utf_8_decode}
9;0.001;0.000;0.001;0.000;{built-in method _operator.invert}
1;0.001;0.001;0.001;0.001;{built-in method io.open}
38;0.001;0.000;0.001;0.000;{built-in method numpy.arange}
11;0.001;0.000;0.001;0.000;{method 'factorize' of 'pandas._libs.hashtable.Float64HashTable' objects}
40;0.000;0.000;0.001;0.000;<__array_function__ internals>:177(append)
94;0.000;0.000;0.001;0.000;<__array_function__ internals>:177(copyto)
20;0.000;0.000;0.001;0.000;<__array_function__ internals>:177(insert)
1;0.000;0.000;0.001;0.001;<__array_function__ internals>:177(select)
31;0.000;0.000;0.001;0.000;<frozen codecs>:319(decode)
93;0.000;0.000;0.001;0.000;_dtype.py:344(_name_get)
2;0.000;0.000;0.001;0.001;_mixins.py:214(_concat_same_type)
878;0.000;0.000;0.001;0.000;_validators.py:226(validate_bool_kwarg)
5;0.000;0.000;0.001;0.000;accessor.py:255(_wrap_result)
3;0.000;0.000;0.001;0.000;accessor.py:93(f)
3;0.000;0.000;0.001;0.000;accessors.py:120(_delegate_method)
11;0.000;0.000;0.001;0.000;algorithms.py:1795(safe_sort)
12;0.000;0.000;0.001;0.000;algorithms.py:269(_get_hashtable_algo)
12;0.000;0.000;0.001;0.000;algorithms.py:287(_check_object_for_strings)
16;0.000;0.000;0.001;0.000;array_ops.py:136(_na_arithmetic_op)
13;0.000;0.000;0.001;0.000;array_ops.py:336(logical_op)
25;0.000;0.000;0.001;0.000;array_ops.py:354(fill_bool)
3;0.000;0.000;0.001;0.000;arraylike.py:108(__sub__)
3;0.000;0.000;0.001;0.000;arraylike.py:52(__le__)
3;0.000;0.000;0.001;0.000;arraylike.py:60(__ge__)
10;0.000;0.000;0.001;0.000;base.py:231(__getitem__)
14;0.000;0.000;0.001;0.000;base.py:2421(is_boolean)
10;0.000;0.000;0.001;0.000;base.py:2745(inferred_type)
3;0.000;0.000;0.001;0.000;base.py:6032(get_indexer_for)
2;0.000;0.000;0.001;0.001;base.py:6056(_get_indexer_strict)
7;0.000;0.000;0.001;0.000;base.py:6285(_should_compare)
34;0.000;0.000;0.001;0.000;base.py:7396(_maybe_cast_data_without_dtype)
47;0.000;0.000;0.001;0.000;blocks.py:2161(new_block_2d)
46;0.000;0.000;0.001;0.000;common.py:235(asarray_tuplesafe)
2;0.000;0.000;0.001;0.001;concat.py:338(_concat_datetime)
3;0.000;0.000;0.001;0.000;concat.py:631(_get_new_axes)
3;0.000;0.000;0.001;0.000;concat.py:633(<listcomp>)
3;0.000;0.000;0.001;0.000;construction.py:881(create_series_with_explicit_dtype)
2;0.000;0.000;0.001;0.001;datetimelike.py:533(_concat_same_type)
16;0.000;0.000;0.001;0.000;expressions.py:225(evaluate)
16;0.000;0.000;0.001;0.000;expressions.py:64(_evaluate_standard)
16;0.000;0.000;0.001;0.000;expressions.py:93(_evaluate_numexpr)
3;0.000;0.000;0.001;0.000;extension.py:95(method)
1;0.000;0.000;0.001;0.001;frame.py:10917(_reduce_axis1)
31;0.000;0.000;0.001;0.000;frame.py:12012(_reindex_for_setitem)
1;0.000;0.000;0.001;0.001;frame.py:6586(drop_duplicates)
20;0.000;0.000;0.001;0.000;function_base.py:5250(insert)
1;0.000;0.000;0.001;0.001;function_base.py:766(select)
1;0.000;0.000;0.001;0.001;generic.py:10012(mask)
3;0.000;0.000;0.001;0.000;generic.py:11108(_logical_func)
2;0.000;0.000;0.001;0.000;generic.py:11178(all)
2;0.000;0.000;0.001;0.000;generic.py:11618(all)
10;0.000;0.000;0.001;0.000;generic.py:1402(__getitem__)
34;0.000;0.000;0.001;0.000;generic.py:4137(_check_setitem_copy)
11;0.000;0.000;0.001;0.000;generic.py:5044(reindex)
2;0.000;0.000;0.001;0.000;generic.py:7895(notnull)
1;0.000;0.000;0.001;0.001;generic.py:9614(_where)
1;0.000;0.000;0.001;0.001;generic.py:9788(where)
1;0.000;0.000;0.001;0.001;groupby.py:1699(_agg_general)
1;0.000;0.000;0.001;0.001;groupby.py:2435(sum)
11;0.000;0.000;0.001;0.000;grouper.py:649(group_index)
11;0.000;0.000;0.001;0.000;grouper.py:702(get_grouper)
1;0.000;0.000;0.001;0.001;indexing.py:1213(_getitem_iterable)
18;0.000;0.000;0.001;0.000;iostream.py:456(_schedule_flush)
18;0.000;0.000;0.001;0.000;iostream.py:526(write)
20;0.000;0.000;0.001;0.000;managers.py:1455(_insert_update_blklocs_and_blknos)
85;0.000;0.000;0.001;0.000;missing.py:645(na_value_for_dtype)
6;0.000;0.000;0.001;0.000;nanops.py:542(nanall)
89;0.000;0.000;0.001;0.000;numeric.py:290(full)
1;0.000;0.000;0.001;0.001;objects.py:77(get_window_bounds)
10;0.000;0.000;0.001;0.000;ops.py:493(_cython_op_ndim_compat)
10;0.000;0.000;0.001;0.000;ops.py:668(cython_operation)
1;0.000;0.000;0.001;0.001;ops.py:792(_get_splitter)
2;0.000;0.000;0.001;0.000;series.py:1009(_get_with)
2;0.000;0.000;0.001;0.000;series.py:2818(diff)
2;0.000;0.000;0.001;0.001;series.py:486(_init_dict)
11;0.000;0.000;0.001;0.000;series.py:5077(reindex)
2;0.000;0.000;0.001;0.000;series.py:5725(notnull)
1;0.000;0.000;0.001;0.001;series.py:6117(where)
1;0.000;0.000;0.001;0.001;series.py:6183(mask)
10;0.000;0.000;0.001;0.000;utils.py:243(maybe_convert_indices)
46;0.000;0.000;0.001;0.000;warnings.py:130(filterwarnings)
3;0.000;0.000;0.001;0.000;{built-in method _operator.sub}
5;0.000;0.000;0.001;0.000;{built-in method builtins.print}
27;0.000;0.000;0.001;0.000;{built-in method builtins.sorted}
6;0.000;0.000;0.000;0.000;<__array_function__ internals>:177(all)
8;0.000;0.000;0.000;0.000;<__array_function__ internals>:177(argsort)
3;0.000;0.000;0.000;0.000;<__array_function__ internals>:177(atleast_1d)
8;0.000;0.000;0.000;0.000;<__array_function__ internals>:177(atleast_2d)
20;0.000;0.000;0.000;0.000;<__array_function__ internals>:177(bincount)
2;0.000;0.000;0.000;0.000;<__array_function__ internals>:177(broadcast_arrays)
2;0.000;0.000;0.000;0.000;<__array_function__ internals>:177(clip)
1;0.000;0.000;0.000;0.000;<__array_function__ internals>:177(mean)
20;0.000;0.000;0.000;0.000;<__array_function__ internals>:177(moveaxis)
1;0.000;0.000;0.000;0.000;<__array_function__ internals>:177(nonzero)
1;0.000;0.000;0.000;0.000;<__array_function__ internals>:177(prod)
40;0.000;0.000;0.000;0.000;<__array_function__ internals>:177(ravel)
4;0.000;0.000;0.000;0.000;<__array_function__ internals>:177(result_type)
1;0.000;0.000;0.000;0.000;<__array_function__ internals>:177(sum)
1;0.000;0.000;0.000;0.000;<__array_function__ internals>:177(where)
69;0.000;0.000;0.000;0.000;<frozen abc>:117(__instancecheck__)
2;0.000;0.000;0.000;0.000;<frozen abc>:121(__subclasscheck__)
1;0.000;0.000;0.000;0.000;<frozen codecs>:260(__init__)
1;0.000;0.000;0.000;0.000;<frozen codecs>:309(__init__)
31;0.000;0.000;0.000;0.000;<frozen codecs>:331(getstate)
3;0.000;0.000;0.000;0.000;<frozen posixpath>:229(expanduser)
1;0.000;0.000;0.000;0.000;<ipython-input-134-80e15ba39301>:172(<listcomp>)
1;0.000;0.000;0.000;0.000;<string>:1(<lambda>)
1;0.000;0.000;0.000;0.000;<string>:2(__init__)
52;0.000;0.000;0.000;0.000;__init__.py:225(compile)
52;0.000;0.000;0.000;0.000;__init__.py:272(_compile)
6;0.000;0.000;0.000;0.000;_asarray.py:112(<setcomp>)
6;0.000;0.000;0.000;0.000;_asarray.py:31(require)
10;0.000;0.000;0.000;0.000;_dtype.py:178(_datetime_metadata_str)
93;0.000;0.000;0.000;0.000;_dtype.py:24(_kind_name)
93;0.000;0.000;0.000;0.000;_dtype.py:330(_name_includes_bit_suffix)
4;0.000;0.000;0.000;0.000;_dtype.py:34(__str__)
4;0.000;0.000;0.000;0.000;_methods.py:103(_clip_dep_is_byte_swapped)
2;0.000;0.000;0.000;0.000;_methods.py:108(_clip_dep_invoke_with_casting)
2;0.000;0.000;0.000;0.000;_methods.py:127(_clip)
1;0.000;0.000;0.000;0.000;_methods.py:164(_mean)
23;0.000;0.000;0.000;0.000;_methods.py:39(_amax)
14;0.000;0.000;0.000;0.000;_methods.py:43(_amin)
1;0.000;0.000;0.000;0.000;_methods.py:67(_count_reduce_items)
4;0.000;0.000;0.000;0.000;_methods.py:93(_clip_dep_is_scalar_nan)
4;0.000;0.000;0.000;0.000;_mixins.py:121(view)
2;0.000;0.000;0.000;0.000;_mixins.py:221(<setcomp>)
2;0.000;0.000;0.000;0.000;_mixins.py:225(<listcomp>)
1;0.000;0.000;0.000;0.000;_mixins.py:380(_where)
2;0.000;0.000;0.000;0.000;_strptime.py:26(_getlang)
1;0.000;0.000;0.000;0.000;_strptime.py:309(_strptime)
1;0.000;0.000;0.000;0.000;_strptime.py:565(_strptime_datetime)
1;0.000;0.000;0.000;0.000;_validators.py:128(_check_for_invalid_keys)
1;0.000;0.000;0.000;0.000;_validators.py:141(validate_kwargs)
1;0.000;0.000;0.000;0.000;_validators.py:366(validate_fillna_kwargs)
1;0.000;0.000;0.000;0.000;_validators.py:449(validate_ascending)
1;0.000;0.000;0.000;0.000;_validators.py:49(_check_for_default_values)
3;0.000;0.000;0.000;0.000;accessors.py:482(__new__)
3;0.000;0.000;0.000;0.000;accessors.py:53(__init__)
3;0.000;0.000;0.000;0.000;accessors.py:64(_get_values)
1;0.000;0.000;0.000;0.000;algorithms.py:1041(duplicated)
13;0.000;0.000;0.000;0.000;algorithms.py:117(_ensure_data)
2;0.000;0.000;0.000;0.000;algorithms.py:1679(diff)
23;0.000;0.000;0.000;0.000;algorithms.py:197(_reconstruct_data)
12;0.000;0.000;0.000;0.000;algorithms.py:235(_ensure_arraylike)
11;0.000;0.000;0.000;0.000;algorithms.py:855(resolve_na_sentinel)
11;0.000;0.000;0.000;0.000;algorithms.py:905(_re_wrap_factorize)
3;0.000;0.000;0.000;0.000;api.py:104(<listcomp>)
3;0.000;0.000;0.000;0.000;api.py:108(_get_distinct_objs)
3;0.000;0.000;0.000;0.000;api.py:122(_get_combined_index)
4;0.000;0.000;0.000;0.000;api.py:204(union_indexes)
1;0.000;0.000;0.000;0.000;api.py:230(_unique_indices)
2;0.000;0.000;0.000;0.000;api.py:246(conv)
1;0.000;0.000;0.000;0.000;api.py:252(<listcomp>)
1;0.000;0.000;0.000;0.000;api.py:256(_find_common_index_dtype)
1;0.000;0.000;0.000;0.000;api.py:268(<listcomp>)
2;0.000;0.000;0.000;0.000;api.py:280(<listcomp>)
2;0.000;0.000;0.000;0.000;api.py:281(<listcomp>)
2;0.000;0.000;0.000;0.000;api.py:316(<genexpr>)
3;0.000;0.000;0.000;0.000;api.py:328(_sanitize_and_check)
3;0.000;0.000;0.000;0.000;api.py:349(<setcomp>)
17;0.000;0.000;0.000;0.000;api.py:384(default_index)
3;0.000;0.000;0.000;0.000;api.py:78(get_objs_combined_axis)
1;0.000;0.000;0.000;0.000;apply.py:1089(__init__)
1;0.000;0.000;0.000;0.000;apply.py:112(__init__)
13;0.000;0.000;0.000;0.000;array_ops.py:295(na_logical_op)
3;0.000;0.000;0.000;0.000;array_ops.py:514(_bool_arith_check)
1;0.000;0.000;0.000;0.000;arraylike.py:116(__mul__)
1;0.000;0.000;0.000;0.000;arraylike.py:124(__truediv__)
1;0.000;0.000;0.000;0.000;arraylike.py:74(__rand__)
2;0.000;0.000;0.000;0.000;arraylike.py:78(__or__)
8;0.000;0.000;0.000;0.000;base.py:1023(view)
1;0.000;0.000;0.000;0.000;base.py:124(_reset_cache)
2;0.000;0.000;0.000;0.000;base.py:1268(copy)
1;0.000;0.000;0.000;0.000;base.py:1310(_duplicated)
12;0.000;0.000;0.000;0.000;base.py:148(is_consolidated)
7;0.000;0.000;0.000;0.000;base.py:161(_freeze)
10;0.000;0.000;0.000;0.000;base.py:163(array)
49;0.000;0.000;0.000;0.000;base.py:168(__setattr__)
1;0.000;0.000;0.000;0.000;base.py:1741(name)
4;0.000;0.000;0.000;0.000;base.py:1752(_validate_names)
22;0.000;0.000;0.000;0.000;base.py:1820(_get_names)
11;0.000;0.000;0.000;0.000;base.py:1823(_set_names)
11;0.000;0.000;0.000;0.000;base.py:1852(set_names)
11;0.000;0.000;0.000;0.000;base.py:1963(rename)
2;0.000;0.000;0.000;0.000;base.py:2017(nlevels)
1;0.000;0.000;0.000;0.000;base.py:204(_selected_obj)
10;0.000;0.000;0.000;0.000;base.py:216(_obj_with_exclusions)
22;0.000;0.000;0.000;0.000;base.py:229(construct_from_string)
1;0.000;0.000;0.000;0.000;base.py:2457(is_integer)
5;0.000;0.000;0.000;0.000;base.py:2581(is_object)
36;0.000;0.000;0.000;0.000;base.py:2783(_is_multi)
9;0.000;0.000;0.000;0.000;base.py:2801(_na_value)
2;0.000;0.000;0.000;0.000;base.py:3198(_get_reconciled_name_object)
2;0.000;0.000;0.000;0.000;base.py:3209(_validate_sort_keyword)
2;0.000;0.000;0.000;0.000;base.py:3241(union)
8;0.000;0.000;0.000;0.000;base.py:356(size)
2;0.000;0.000;0.000;0.000;base.py:3731(_assert_can_do_setop)
2;0.000;0.000;0.000;0.000;base.py:3737(_convert_can_do_setop)
7;0.000;0.000;0.000;0.000;base.py:4020(_check_indexing_method)
28;0.000;0.000;0.000;0.000;base.py:413(_engine_type)
1;0.000;0.000;0.000;0.000;base.py:4215(_convert_slice_indexer)
3;0.000;0.000;0.000;0.000;base.py:4233(is_int)
2;0.000;0.000;0.000;0.000;base.py:4318(reindex)
2;0.000;0.000;0.000;0.000;base.py:4437(_wrap_reindex_result)
2;0.000;0.000;0.000;0.000;base.py:4441(_maybe_preserve_names)
9;0.000;0.000;0.000;0.000;base.py:494(find)
35;0.000;0.000;0.000;0.000;base.py:5116(_get_engine_target)
20;0.000;0.000;0.000;0.000;base.py:5204(_validate_fill_value)
5;0.000;0.000;0.000;0.000;base.py:5363(_can_hold_identifiers_and_holds_name)
2;0.000;0.000;0.000;0.000;base.py:5377(append)
2;0.000;0.000;0.000;0.000;base.py:5402(<setcomp>)
2;0.000;0.000;0.000;0.000;base.py:5407(_concat)
2;0.000;0.000;0.000;0.000;base.py:5411(<listcomp>)
4;0.000;0.000;0.000;0.000;base.py:543(empty)
6;0.000;0.000;0.000;0.000;base.py:555(<genexpr>)
11;0.000;0.000;0.000;0.000;base.py:5551(identical)
22;0.000;0.000;0.000;0.000;base.py:5564(<genexpr>)
35;0.000;0.000;0.000;0.000;base.py:574(_ensure_array)
2;0.000;0.000;0.000;0.000;base.py:6087(_raise_if_missing)
13;0.000;0.000;0.000;0.000;base.py:6193(_index_as_unique)
7;0.000;0.000;0.000;0.000;base.py:6205(_maybe_promote)
7;0.000;0.000;0.000;0.000;base.py:6303(_is_comparable_dtype)
7;0.000;0.000;0.000;0.000;base.py:6576(_maybe_cast_listlike_indexer)
1;0.000;0.000;0.000;0.000;base.py:6804(delete)
1;0.000;0.000;0.000;0.000;base.py:6901(drop)
6;0.000;0.000;0.000;0.000;base.py:728(_constructor)
2;0.000;0.000;0.000;0.000;base.py:7336(ensure_has_len)
1;0.000;0.000;0.000;0.000;base.py:7437(get_unanimous_names)
1;0.000;0.000;0.000;0.000;base.py:7450(<listcomp>)
1;0.000;0.000;0.000;0.000;base.py:7451(<listcomp>)
2;0.000;0.000;0.000;0.000;base.py:7452(<genexpr>)
7;0.000;0.000;0.000;0.000;base.py:7456(unpack_nested_dtype)
20;0.000;0.000;0.000;0.000;base.py:821(_view)
4;0.000;0.000;0.000;0.000;base.py:830(_rename)
29;0.000;0.000;0.000;0.000;base.py:881(_engine)
1;0.000;0.000;0.000;0.000;base_parser.py:1056(_make_date_converter)
1;0.000;0.000;0.000;0.000;base_parser.py:1148(_process_date_conversion)
2;0.000;0.000;0.000;0.000;base_parser.py:1283(_is_potential_multi_index)
4;0.000;0.000;0.000;0.000;base_parser.py:1308(<genexpr>)
1;0.000;0.000;0.000;0.000;base_parser.py:1312(_validate_parse_dates_arg)
3;0.000;0.000;0.000;0.000;base_parser.py:1334(is_index_col)
1;0.000;0.000;0.000;0.000;base_parser.py:165(_validate_parse_dates_presence)
1;0.000;0.000;0.000;0.000;base_parser.py:209(<setcomp>)
1;0.000;0.000;0.000;0.000;base_parser.py:221(<listcomp>)
1;0.000;0.000;0.000;0.000;base_parser.py:229(_has_complex_date_col)
1;0.000;0.000;0.000;0.000;base_parser.py:258(_extract_multi_indexer_columns)
1;0.000;0.000;0.000;0.000;base_parser.py:327(_maybe_dedup_names)
1;0.000;0.000;0.000;0.000;base_parser.py:358(_maybe_make_multi_index_columns)
1;0.000;0.000;0.000;0.000;base_parser.py:370(_make_index)
1;0.000;0.000;0.000;0.000;base_parser.py:612(_set_noconvert_dtype_columns)
1;0.000;0.000;0.000;0.000;base_parser.py:814(_do_date_conversions)
1;0.000;0.000;0.000;0.000;base_parser.py:834(_check_data_length)
1;0.000;0.000;0.000;0.000;base_parser.py:88(__init__)
1;0.000;0.000;0.000;0.000;base_parser.py:924(_validate_usecols_arg)
1;0.000;0.000;0.000;0.000;blocks.py:1163(fillna)
1;0.000;0.000;0.000;0.000;blocks.py:1436(where)
44;0.000;0.000;0.000;0.000;blocks.py:160(_consolidate_key)
11;0.000;0.000;0.000;0.000;blocks.py:165(_can_hold_na)
6;0.000;0.000;0.000;0.000;blocks.py:188(is_bool)
5;0.000;0.000;0.000;0.000;blocks.py:1908(array_values)
13;0.000;0.000;0.000;0.000;blocks.py:1939(is_extension)
36;0.000;0.000;0.000;0.000;blocks.py:200(fill_value)
9;0.000;0.000;0.000;0.000;blocks.py:206(_standardize_fill_value)
146;0.000;0.000;0.000;0.000;blocks.py:213(mgr_locs)
26;0.000;0.000;0.000;0.000;blocks.py:221(make_block)
10;0.000;0.000;0.000;0.000;blocks.py:275(__len__)
8;0.000;0.000;0.000;0.000;blocks.py:279(getitem_block)
2;0.000;0.000;0.000;0.000;blocks.py:301(getitem_block_columns)
15;0.000;0.000;0.000;0.000;blocks.py:376(_split_op_result)
2;0.000;0.000;0.000;0.000;blocks.py:439(coerce_to_target_dtype)
1;0.000;0.000;0.000;0.000;blocks.py:452(_maybe_downcast)
25;0.000;0.000;0.000;0.000;blocks.py:823(shape)
1;0.000;0.000;0.000;0.000;c_parser_wrapper.py:190(close)
1;0.000;0.000;0.000;0.000;c_parser_wrapper.py:197(_set_noconvert_columns)
1;0.000;0.000;0.000;0.000;c_parser_wrapper.py:208(<dictcomp>)
1;0.000;0.000;0.000;0.000;c_parser_wrapper.py:209(<listcomp>)
1;0.000;0.000;0.000;0.000;c_parser_wrapper.py:314(<listcomp>)
1;0.000;0.000;0.000;0.000;c_parser_wrapper.py:318(<dictcomp>)
5;0.000;0.000;0.000;0.000;c_parser_wrapper.py:363(<listcomp>)
5;0.000;0.000;0.000;0.000;c_parser_wrapper.py:365(<setcomp>)
5;0.000;0.000;0.000;0.000;c_parser_wrapper.py:367(<setcomp>)
1;0.000;0.000;0.000;0.000;c_parser_wrapper.py:416(ensure_dtype_objs)
12;0.000;0.000;0.000;0.000;cast.py:1291(maybe_cast_to_datetime)
2;0.000;0.000;0.000;0.000;cast.py:1487(find_result_type)
7;0.000;0.000;0.000;0.000;cast.py:1589(find_common_type)
29;0.000;0.000;0.000;0.000;cast.py:1931(np_can_hold_element)
10;0.000;0.000;0.000;0.000;cast.py:259(maybe_downcast_to_dtype)
10;0.000;0.000;0.000;0.000;cast.py:328(maybe_downcast_numeric)
45;0.000;0.000;0.000;0.000;cast.py:508(ensure_dtype_can_hold_na)
18;0.000;0.000;0.000;0.000;cast.py:566(_maybe_promote_cached)
39;0.000;0.000;0.000;0.000;cast.py:574(_maybe_promote)
8;0.000;0.000;0.000;0.000;cast.py:919(_maybe_infer_dtype_type)
18;0.000;0.000;0.000;0.000;common.py:1048(is_numeric_v_string_like)
1;0.000;0.000;0.000;0.000;common.py:1102(_maybe_memory_map)
1;0.000;0.000;0.000;0.000;common.py:112(close)
2;0.000;0.000;0.000;0.000;common.py:1147(_is_binary_mode)
2;0.000;0.000;0.000;0.000;common.py:116(ensure_python_int)
39;0.000;0.000;0.000;0.000;common.py:1204(is_numeric_dtype)
1;0.000;0.000;0.000;0.000;common.py:136(is_url)
16;0.000;0.000;0.000;0.000;common.py:1403(is_1d_only_ea_obj)
9;0.000;0.000;0.000;0.000;common.py:1532(_is_dtype)
3;0.000;0.000;0.000;0.000;common.py:164(_expand_user)
1;0.000;0.000;0.000;0.000;common.py:175(maybe_warn_args_and_kwargs)
4;0.000;0.000;0.000;0.000;common.py:178(not_none)
11;0.000;0.000;0.000;0.000;common.py:182(<genexpr>)
1;0.000;0.000;0.000;0.000;common.py:183(validate_header_arg)
5;0.000;0.000;0.000;0.000;common.py:192(all_none)
3;0.000;0.000;0.000;0.000;common.py:192(is_sparse)
16;0.000;0.000;0.000;0.000;common.py:196(<genexpr>)
2;0.000;0.000;0.000;0.000;common.py:224(stringify_path)
1;0.000;0.000;0.000;0.000;common.py:268(index_labels_to_array)
1;0.000;0.000;0.000;0.000;common.py:268(is_fsspec_url)
1;0.000;0.000;0.000;0.000;common.py:280(_get_filepath_or_buffer)
5;0.000;0.000;0.000;0.000;common.py:303(maybe_iterable_to_list)
44;0.000;0.000;0.000;0.000;common.py:319(is_datetime64_dtype)
58;0.000;0.000;0.000;0.000;common.py:393(is_timedelta64_dtype)
8;0.000;0.000;0.000;0.000;common.py:463(is_interval_dtype)
1;0.000;0.000;0.000;0.000;common.py:494(get_compression_method)
69;0.000;0.000;0.000;0.000;common.py:501(is_categorical_dtype)
1;0.000;0.000;0.000;0.000;common.py:529(infer_compression)
9;0.000;0.000;0.000;0.000;common.py:544(is_string_dtype)
38;0.000;0.000;0.000;0.000;common.py:546(temp_setattr)
9;0.000;0.000;0.000;0.000;common.py:573(condition)
9;0.000;0.000;0.000;0.000;common.py:617(get_cython_func)
1;0.000;0.000;0.000;0.000;common.py:624(is_builtin_func)
1;0.000;0.000;0.000;0.000;common.py:887(is_datetime64_any_dtype)
2;0.000;0.000;0.000;0.000;common.py:929(is_datetime64_ns_dtype)
8;0.000;0.000;0.000;0.000;concat.py:103(<listcomp>)
8;0.000;0.000;0.000;0.000;concat.py:108(<setcomp>)
8;0.000;0.000;0.000;0.000;concat.py:109(<setcomp>)
17;0.000;0.000;0.000;0.000;concat.py:110(<genexpr>)
18;0.000;0.000;0.000;0.000;concat.py:113(<genexpr>)
8;0.000;0.000;0.000;0.000;concat.py:116(<setcomp>)
24;0.000;0.000;0.000;0.000;concat.py:117(<genexpr>)
3;0.000;0.000;0.000;0.000;concat.py:199(<listcomp>)
2;0.000;0.000;0.000;0.000;concat.py:217(<listcomp>)
3;0.000;0.000;0.000;0.000;concat.py:246(_maybe_reindex_columns_na_proxy)
6;0.000;0.000;0.000;0.000;concat.py:278(_get_mgr_concatenation_plan)
2;0.000;0.000;0.000;0.000;concat.py:354(<listcomp>)
25;0.000;0.000;0.000;0.000;concat.py:354(__init__)
2;0.000;0.000;0.000;0.000;concat.py:356(<setcomp>)
6;0.000;0.000;0.000;0.000;concat.py:366(needs_filling)
6;0.000;0.000;0.000;0.000;concat.py:375(dtype)
12;0.000;0.000;0.000;0.000;concat.py:385(_is_valid_na_for)
16;0.000;0.000;0.000;0.000;concat.py:415(is_na)
2;0.000;0.000;0.000;0.000;concat.py:442(<genexpr>)
2;0.000;0.000;0.000;0.000;concat.py:476(<listcomp>)
18;0.000;0.000;0.000;0.000;concat.py:539(<genexpr>)
18;0.000;0.000;0.000;0.000;concat.py:559(<genexpr>)
6;0.000;0.000;0.000;0.000;concat.py:582(_dtype_to_na_value)
6;0.000;0.000;0.000;0.000;concat.py:605(_get_empty_dtype)
18;0.000;0.000;0.000;0.000;concat.py:623(<genexpr>)
6;0.000;0.000;0.000;0.000;concat.py:625(<listcomp>)
3;0.000;0.000;0.000;0.000;concat.py:625(_get_result_dim)
8;0.000;0.000;0.000;0.000;concat.py:635(_is_uniform_join_units)
3;0.000;0.000;0.000;0.000;concat.py:638(_get_comb_axis)
24;0.000;0.000;0.000;0.000;concat.py:647(<genexpr>)
3;0.000;0.000;0.000;0.000;concat.py:648(_get_concat_axis)
6;0.000;0.000;0.000;0.000;concat.py:650(<genexpr>)
6;0.000;0.000;0.000;0.000;concat.py:660(<genexpr>)
6;0.000;0.000;0.000;0.000;concat.py:663(<genexpr>)
6;0.000;0.000;0.000;0.000;concat.py:670(_is_uniform_reindex)
12;0.000;0.000;0.000;0.000;concat.py:673(<genexpr>)
4;0.000;0.000;0.000;0.000;concat.py:678(_trim_join_unit)
3;0.000;0.000;0.000;0.000;concat.py:682(<listcomp>)
3;0.000;0.000;0.000;0.000;concat.py:685(<genexpr>)
2;0.000;0.000;0.000;0.000;concat.py:701(_maybe_check_integrity)
20;0.000;0.000;0.000;0.000;concat.py:705(_combine_concat_plans)
2;0.000;0.000;0.000;0.000;concat.py:708(_concat_indexes)
14;0.000;0.000;0.000;0.000;concat.py:731(_next_or_none)
16;0.000;0.000;0.000;0.000;concat.py:92(is_nonempty)
2;0.000;0.000;0.000;0.000;config.py:142(_set_option)
1;0.000;0.000;0.000;0.000;config.py:433(__init__)
1;0.000;0.000;0.000;0.000;config.py:441(__enter__)
1;0.000;0.000;0.000;0.000;config.py:442(<listcomp>)
1;0.000;0.000;0.000;0.000;config.py:447(__exit__)
2;0.000;0.000;0.000;0.000;config.py:627(_get_registered_option)
2;0.000;0.000;0.000;0.000;config.py:849(inner)
4;0.000;0.000;0.000;0.000;construction.py:231(mgr_to_mgr)
1;0.000;0.000;0.000;0.000;construction.py:481(<listcomp>)
1;0.000;0.000;0.000;0.000;construction.py:482(<listcomp>)
2;0.000;0.000;0.000;0.000;construction.py:488(<listcomp>)
2;0.000;0.000;0.000;0.000;construction.py:525(treat_as_nested)
4;0.000;0.000;0.000;0.000;construction.py:588(_homogenize)
1;0.000;0.000;0.000;0.000;construction.py:627(_extract_index)
2;0.000;0.000;0.000;0.000;construction.py:946(<genexpr>)
2;0.000;0.000;0.000;0.000;construction.py:980(_validate_or_indexify_columns)
20;0.000;0.000;0.000;0.000;contextlib.py:104(__init__)
20;0.000;0.000;0.000;0.000;contextlib.py:132(__enter__)
20;0.000;0.000;0.000;0.000;contextlib.py:141(__exit__)
20;0.000;0.000;0.000;0.000;contextlib.py:287(helper)
1;0.000;0.000;0.000;0.000;contextlib.py:751(__init__)
1;0.000;0.000;0.000;0.000;contextlib.py:754(__enter__)
1;0.000;0.000;0.000;0.000;contextlib.py:757(__exit__)
1;0.000;0.000;0.000;0.000;copy.py:107(_copy_immutable)
1;0.000;0.000;0.000;0.000;copy.py:66(copy)
2;0.000;0.000;0.000;0.000;dataclasses.py:1256(is_dataclass)
1;0.000;0.000;0.000;0.000;datetimelike.py:1159(_sub_datetimelike_scalar)
2;0.000;0.000;0.000;0.000;datetimelike.py:1487(__sub__)
1;0.000;0.000;0.000;0.000;datetimelike.py:1939(__init__)
10;0.000;0.000;0.000;0.000;datetimelike.py:2138(ensure_arraylike_for_datetimelike)
9;0.000;0.000;0.000;0.000;datetimelike.py:2206(validate_inferred_freq)
5;0.000;0.000;0.000;0.000;datetimelike.py:2243(maybe_infer_freq)
6;0.000;0.000;0.000;0.000;datetimelike.py:330(__array__)
4;0.000;0.000;0.000;0.000;datetimelike.py:525(view)
14;0.000;0.000;0.000;0.000;datetimelike.py:637(_validate_scalar)
3;0.000;0.000;0.000;0.000;datetimelike.py:889(_hasna)
3;0.000;0.000;0.000;0.000;datetimelike.py:896(_maybe_mask_results)
1;0.000;0.000;0.000;0.000;datetimes.py:134(should_cache)
4;0.000;0.000;0.000;0.000;datetimes.py:2215(maybe_convert_dtype)
3;0.000;0.000;0.000;0.000;datetimes.py:2314(_validate_dt64_dtype)
6;0.000;0.000;0.000;0.000;datetimes.py:2366(validate_tz_from_dtype)
1;0.000;0.000;0.000;0.000;datetimes.py:241(_box_as_indexlike)
1;0.000;0.000;0.000;0.000;datetimes.py:286(_from_sequence)
2;0.000;0.000;0.000;0.000;datetimes.py:290(_from_sequence_not_strict)
1;0.000;0.000;0.000;0.000;datetimes.py:313(__new__)
2;0.000;0.000;0.000;0.000;datetimes.py:483(_box_func)
3;0.000;0.000;0.000;0.000;datetimes.py:94(tz_to_dtype)
2;0.000;0.000;0.000;0.000;dtype.py:125(construct_from_string)
2;0.000;0.000;0.000;0.000;dtype.py:216(construct_from_string)
2;0.000;0.000;0.000;0.000;dtypes.py:1185(construct_from_string)
8;0.000;0.000;0.000;0.000;dtypes.py:1247(is_dtype)
5;0.000;0.000;0.000;0.000;dtypes.py:1333(__init__)
2;0.000;0.000;0.000;0.000;dtypes.py:303(construct_from_string)
2;0.000;0.000;0.000;0.000;dtypes.py:754(construct_from_string)
2;0.000;0.000;0.000;0.000;dtypes.py:913(construct_from_string)
47;0.000;0.000;0.000;0.000;enum.py:1243(value)
47;0.000;0.000;0.000;0.000;enum.py:192(__get__)
16;0.000;0.000;0.000;0.000;expressions.py:73(_can_use_numexpr)
1;0.000;0.000;0.000;0.000;extension.py:70(fget)
33;0.000;0.000;0.000;0.000;frame.py:4234(_ensure_valid_index)
881;0.000;0.000;0.000;0.000;frame.py:600(_constructor)
1;0.000;0.000;0.000;0.000;frame.py:6684(duplicated)
8;0.000;0.000;0.000;0.000;fromnumeric.py:1034(_argsort_dispatcher)
8;0.000;0.000;0.000;0.000;fromnumeric.py:1038(argsort)
40;0.000;0.000;0.000;0.000;fromnumeric.py:1777(_ravel_dispatcher)
40;0.000;0.000;0.000;0.000;fromnumeric.py:1781(ravel)
1;0.000;0.000;0.000;0.000;fromnumeric.py:1888(_nonzero_dispatcher)
1;0.000;0.000;0.000;0.000;fromnumeric.py:1892(nonzero)
2;0.000;0.000;0.000;0.000;fromnumeric.py:2107(_clip_dispatcher)
2;0.000;0.000;0.000;0.000;fromnumeric.py:2111(clip)
1;0.000;0.000;0.000;0.000;fromnumeric.py:2183(_sum_dispatcher)
1;0.000;0.000;0.000;0.000;fromnumeric.py:2188(sum)
6;0.000;0.000;0.000;0.000;fromnumeric.py:2427(_all_dispatcher)
6;0.000;0.000;0.000;0.000;fromnumeric.py:2432(all)
1;0.000;0.000;0.000;0.000;fromnumeric.py:2950(_prod_dispatcher)
1;0.000;0.000;0.000;0.000;fromnumeric.py:2955(prod)
1;0.000;0.000;0.000;0.000;fromnumeric.py:3340(_mean_dispatcher)
1;0.000;0.000;0.000;0.000;fromnumeric.py:3345(mean)
11;0.000;0.000;0.000;0.000;fromnumeric.py:51(_wrapfunc)
8;0.000;0.000;0.000;0.000;fromnumeric.py:69(_wrapreduction)
8;0.000;0.000;0.000;0.000;fromnumeric.py:70(<dictcomp>)
4;0.000;0.000;0.000;0.000;frozen.py:70(__getitem__)
1;0.000;0.000;0.000;0.000;function.py:335(validate_window_func)
1;0.000;0.000;0.000;0.000;function.py:350(validate_rolling_func)
21;0.000;0.000;0.000;0.000;function_base.py:5050(_delete_dispatcher)
20;0.000;0.000;0.000;0.000;function_base.py:5246(_insert_dispatcher)
40;0.000;0.000;0.000;0.000;function_base.py:5440(_append_dispatcher)
40;0.000;0.000;0.000;0.000;function_base.py:5444(append)
7;0.000;0.000;0.000;0.000;function_base.py:761(_select_dispatcher)
1;0.000;0.000;0.000;0.000;function_base.py:818(<listcomp>)
1;0.000;0.000;0.000;0.000;generic.py:1015(_wrap_applied_output)
6;0.000;0.000;0.000;0.000;generic.py:11147(<genexpr>)
1;0.000;0.000;0.000;0.000;generic.py:11166(any)
2;0.000;0.000;0.000;0.000;generic.py:11309(_stat_function)
2;0.000;0.000;0.000;0.000;generic.py:11393(mean)
1;0.000;0.000;0.000;0.000;generic.py:11598(any)
2;0.000;0.000;0.000;0.000;generic.py:11829(mean)
1;0.000;0.000;0.000;0.000;generic.py:11969(rolling)
2;0.000;0.000;0.000;0.000;generic.py:12909(_align_as_utc)
10;0.000;0.000;0.000;0.000;generic.py:1418(_gotitem)
1;0.000;0.000;0.000;0.000;generic.py:1483(__neg__)
1;0.000;0.000;0.000;0.000;generic.py:1485(blk_func)
1;0.000;0.000;0.000;0.000;generic.py:1699(_is_label_reference)
2;0.000;0.000;0.000;0.000;generic.py:1721(<genexpr>)
2;0.000;0.000;0.000;0.000;generic.py:1726(<genexpr>)
12;0.000;0.000;0.000;0.000;generic.py:1754(_check_label_or_level_ambiguity)
12;0.000;0.000;0.000;0.000;generic.py:1775(<genexpr>)
10;0.000;0.000;0.000;0.000;generic.py:179(_wrap_agged_manager)
1;0.000;0.000;0.000;0.000;generic.py:1799(_get_label_or_level_values)
1;0.000;0.000;0.000;0.000;generic.py:1835(<listcomp>)
10;0.000;0.000;0.000;0.000;generic.py:190(_get_data_to_aggregate)
21;0.000;0.000;0.000;0.000;generic.py:1997(__contains__)
2;0.000;0.000;0.000;0.000;generic.py:2002(empty)
6;0.000;0.000;0.000;0.000;generic.py:2060(<genexpr>)
1;0.000;0.000;0.000;0.000;generic.py:3748(_maybe_update_cacher)
7;0.000;0.000;0.000;0.000;generic.py:4114(_set_is_copy)
3;0.000;0.000;0.000;0.000;generic.py:4255(_check_inplace_and_allows_duplicate_labels)
9;0.000;0.000;0.000;0.000;generic.py:445(_validate_dtype)
11;0.000;0.000;0.000;0.000;generic.py:518(_construct_axes_from_arguments)
22;0.000;0.000;0.000;0.000;generic.py:5277(<genexpr>)
1;0.000;0.000;0.000;0.000;generic.py:5332(_reindex_with_indexers)
11;0.000;0.000;0.000;0.000;generic.py:547(<dictcomp>)
2;0.000;0.000;0.000;0.000;generic.py:558(_get_axis_name)
17;0.000;0.000;0.000;0.000;generic.py:570(_get_block_manager_axis)
6;0.000;0.000;0.000;0.000;generic.py:5876(<genexpr>)
9;0.000;0.000;0.000;0.000;generic.py:5881(<genexpr>)
80;0.000;0.000;0.000;0.000;generic.py:640(_info_axis)
1;0.000;0.000;0.000;0.000;generic.py:6674(fillna)
1;0.000;0.000;0.000;0.000;generic.py:687(size)
1;0.000;0.000;0.000;0.000;generic.py:7765(isna)
3;0.000;0.000;0.000;0.000;generic.py:821(_set_axis)
2;0.000;0.000;0.000;0.000;generic.py:9273(align)
2;0.000;0.000;0.000;0.000;generic.py:9530(_align_series)
1;0.000;0.000;0.000;0.000;groupby.py:1065(_set_group_selection)
1;0.000;0.000;0.000;0.000;groupby.py:1092(_reset_group_selection)
2;0.000;0.000;0.000;0.000;groupby.py:1105(_group_selection_context)
19;0.000;0.000;0.000;0.000;groupby.py:1321(_resolve_numeric_only)
11;0.000;0.000;0.000;0.000;groupby.py:4116(_reindex_output)
1;0.000;0.000;0.000;0.000;groupby.py:745(_selected_obj)
11;0.000;0.000;0.000;0.000;groupby.py:981(__getattr__)
11;0.000;0.000;0.000;0.000;grouper.py:467(__init__)
11;0.000;0.000;0.000;0.000;grouper.py:569(name)
11;0.000;0.000;0.000;0.000;grouper.py:587(_ilevel)
11;0.000;0.000;0.000;0.000;grouper.py:639(result_index)
22;0.000;0.000;0.000;0.000;grouper.py:804(<genexpr>)
22;0.000;0.000;0.000;0.000;grouper.py:805(<genexpr>)
22;0.000;0.000;0.000;0.000;grouper.py:806(<genexpr>)
11;0.000;0.000;0.000;0.000;grouper.py:840(is_in_axis)
11;0.000;0.000;0.000;0.000;grouper.py:857(is_in_obj)
11;0.000;0.000;0.000;0.000;grouper.py:927(_is_label_like)
11;0.000;0.000;0.000;0.000;grouper.py:931(_convert_grouper)
1;0.000;0.000;0.000;0.000;indexing.py:1406(_get_listlike_indexer)
3;0.000;0.000;0.000;0.000;indexing.py:1539(_validate_integer)
40;0.000;0.000;0.000;0.000;indexing.py:2488(convert_to_index_sliceable)
862;0.000;0.000;0.000;0.000;indexing.py:2643(need_slice)
1;0.000;0.000;0.000;0.000;indexing.py:662(__call__)
2;0.000;0.000;0.000;0.000;inference.py:102(is_file_like)
1;0.000;0.000;0.000;0.000;inference.py:137(is_re)
2;0.000;0.000;0.000;0.000;inference.py:298(is_named_tuple)
2;0.000;0.000;0.000;0.000;inference.py:394(is_dataclass)
6;0.000;0.000;0.000;0.000;inference.py:430(is_inferred_bool_dtype)
4;0.000;0.000;0.000;0.000;inspect.py:292(isclass)
4;0.000;0.000;0.000;0.000;iostream.py:202(schedule)
18;0.000;0.000;0.000;0.000;iostream.py:437(_is_master_process)
4;0.000;0.000;0.000;0.000;iostream.py:90(_event_pipe)
2;0.000;0.000;0.000;0.000;locale.py:396(normalize)
2;0.000;0.000;0.000;0.000;locale.py:479(_parse_localename)
2;0.000;0.000;0.000;0.000;locale.py:593(getlocale)
3;0.000;0.000;0.000;0.000;managers.py:1040(_verify_integrity)
20;0.000;0.000;0.000;0.000;managers.py:1042(<genexpr>)
18;0.000;0.000;0.000;0.000;managers.py:1061(from_blocks)
10;0.000;0.000;0.000;0.000;managers.py:1240(value_getitem)
222;0.000;0.000;0.000;0.000;managers.py:1435(<genexpr>)
20;0.000;0.000;0.000;0.000;managers.py:1445(_insert_update_mgr_locs)
20;0.000;0.000;0.000;0.000;managers.py:1846(is_consolidated)
17;0.000;0.000;0.000;0.000;managers.py:1854(_consolidate_check)
13;0.000;0.000;0.000;0.000;managers.py:1860(<listcomp>)
865;0.000;0.000;0.000;0.000;managers.py:2054(index)
5;0.000;0.000;0.000;0.000;managers.py:2073(array_values)
18;0.000;0.000;0.000;0.000;managers.py:2237(_grouping_func)
100;0.000;0.000;0.000;0.000;managers.py:2324(<lambda>)
8;0.000;0.000;0.000;0.000;managers.py:2372(<listcomp>)
8;0.000;0.000;0.000;0.000;managers.py:2381(<listcomp>)
20;0.000;0.000;0.000;0.000;managers.py:2398(_fast_count_smallints)
4;0.000;0.000;0.000;0.000;managers.py:2407(_preprocess_slice_or_indexer)
13;0.000;0.000;0.000;0.000;managers.py:262(_clear_reference_block)
13;0.000;0.000;0.000;0.000;managers.py:275(arrays)
13;0.000;0.000;0.000;0.000;managers.py:287(<listcomp>)
1;0.000;0.000;0.000;0.000;managers.py:365(where)
1;0.000;0.000;0.000;0.000;managers.py:431(fillna)
8;0.000;0.000;0.000;0.000;managers.py:642(copy_func)
4;0.000;0.000;0.000;0.000;managers.py:645(<listcomp>)
11;0.000;0.000;0.000;0.000;managers.py:655(<listcomp>)
3;0.000;0.000;0.000;0.000;managers.py:918(_make_na_block)
888;0.000;0.000;0.000;0.000;managers.py:997(__init__)
20;0.000;0.000;0.000;0.000;missing.py:107(clean_fill_method)
16;0.000;0.000;0.000;0.000;missing.py:140(dispatch_fill_zeros)
2;0.000;0.000;0.000;0.000;missing.py:564(_array_equivalent_object)
10;0.000;0.000;0.000;0.000;missing.py:636(maybe_fill)
1;0.000;0.000;0.000;0.000;missing.py:750(isna_all)
2;0.000;0.000;0.000;0.000;missing.py:781(<genexpr>)
18;0.000;0.000;0.000;0.000;missing.py:910(clean_reindex_fill_method)
94;0.000;0.000;0.000;0.000;multiarray.py:1079(copyto)
82;0.000;0.000;0.000;0.000;multiarray.py:152(concatenate)
1;0.000;0.000;0.000;0.000;multiarray.py:345(where)
4;0.000;0.000;0.000;0.000;multiarray.py:668(result_type)
20;0.000;0.000;0.000;0.000;multiarray.py:891(bincount)
2;0.000;0.000;0.000;0.000;nanops.py:119(f)
2;0.000;0.000;0.000;0.000;nanops.py:1412(_get_counts)
860;0.000;0.000;0.000;0.000;nanops.py:1492(check_below_min_count)
2;0.000;0.000;0.000;0.000;nanops.py:1612(_ensure_numeric)
2;0.000;0.000;0.000;0.000;nanops.py:162(_bn_ok_dtype)
869;0.000;0.000;0.000;0.000;nanops.py:195(_get_fill_value)
1;0.000;0.000;0.000;0.000;nanops.py:496(nanany)
2;0.000;0.000;0.000;0.000;nanops.py:656(nanmean)
20;0.000;0.000;0.000;0.000;numba_.py:18(maybe_use_numba)
2;0.000;0.000;0.000;0.000;numeric.py:115(inferred_type)
20;0.000;0.000;0.000;0.000;numeric.py:1407(_moveaxis_dispatcher)
20;0.000;0.000;0.000;0.000;numeric.py:1411(moveaxis)
20;0.000;0.000;0.000;0.000;numeric.py:1473(<listcomp>)
2;0.000;0.000;0.000;0.000;numeric.py:150(ones)
1;0.000;0.000;0.000;0.000;numeric.py:216(_should_fallback_to_positional)
1;0.000;0.000;0.000;0.000;numeric.py:221(_convert_slice_indexer)
1;0.000;0.000;0.000;0.000;numeric.py:418(_engine_type)
148;0.000;0.000;0.000;0.000;numerictypes.py:282(issubclass_)
74;0.000;0.000;0.000;0.000;numerictypes.py:356(issubdtype)
5;0.000;0.000;0.000;0.000;numpy_.py:125(__array__)
5;0.000;0.000;0.000;0.000;numpy_.py:69(__init__)
1;0.000;0.000;0.000;0.000;objects.py:46(__init__)
10;0.000;0.000;0.000;0.000;ops.py:122(__init__)
1;0.000;0.000;0.000;0.000;ops.py:1281(_is_indexed_like)
1;0.000;0.000;0.000;0.000;ops.py:1297(__init__)
1;0.000;0.000;0.000;0.000;ops.py:1311(slabels)
1;0.000;0.000;0.000;0.000;ops.py:1316(_sort_idx)
1;0.000;0.000;0.000;0.000;ops.py:1362(get_splitter)
10;0.000;0.000;0.000;0.000;ops.py:204(_get_cython_vals)
10;0.000;0.000;0.000;0.000;ops.py:241(_disallow_invalid_ops)
10;0.000;0.000;0.000;0.000;ops.py:283(_get_output_shape)
10;0.000;0.000;0.000;0.000;ops.py:302(_get_out_dtype)
10;0.000;0.000;0.000;0.000;ops.py:314(_get_result_dtype)
1;0.000;0.000;0.000;0.000;ops.py:343(_ea_wrap_cython_operation)
1;0.000;0.000;0.000;0.000;ops.py:403(_ea_to_cython_values)
1;0.000;0.000;0.000;0.000;ops.py:425(_reconstruct_ea_result)
11;0.000;0.000;0.000;0.000;ops.py:742(__init__)
69;0.000;0.000;0.000;0.000;ops.py:762(groupings)
1;0.000;0.000;0.000;0.000;ops.py:811(group_keys_seq)
1;0.000;0.000;0.000;0.000;ops.py:899(levels)
1;0.000;0.000;0.000;0.000;ops.py:901(<listcomp>)
11;0.000;0.000;0.000;0.000;ops.py:903(names)
11;0.000;0.000;0.000;0.000;ops.py:905(<listcomp>)
10;0.000;0.000;0.000;0.000;ops.py:979(ngroups)
11;0.000;0.000;0.000;0.000;ops.py:990(result_index)
1;0.000;0.000;0.000;0.000;parse.py:108(_noop)
1;0.000;0.000;0.000;0.000;parse.py:119(_coerce_args)
1;0.000;0.000;0.000;0.000;parse.py:374(urlparse)
12;0.000;0.000;0.000;0.000;pathlib.py:239(splitroot)
1;0.000;0.000;0.000;0.000;pathlib.py:484(_parse_args)
1;0.000;0.000;0.000;0.000;pathlib.py:504(_from_parts)
1;0.000;0.000;0.000;0.000;pathlib.py:536(__str__)
1;0.000;0.000;0.000;0.000;pathlib.py:546(__fspath__)
1;0.000;0.000;0.000;0.000;pathlib.py:56(parse_parts)
1;0.000;0.000;0.000;0.000;pathlib.py:622(name)
1;0.000;0.000;0.000;0.000;pathlib.py:868(__new__)
2;0.000;0.000;0.000;0.000;putmask.py:112(extract_bool_array)
1;0.000;0.000;0.000;0.000;putmask.py:98(validate_putmask)
1;0.000;0.000;0.000;0.000;range.py:118(__new__)
24;0.000;0.000;0.000;0.000;range.py:173(_simple_new)
4;0.000;0.000;0.000;0.000;range.py:189(_constructor)
4;0.000;0.000;0.000;0.000;range.py:195(_data)
4;0.000;0.000;0.000;0.000;range.py:247(start)
4;0.000;0.000;0.000;0.000;range.py:270(stop)
4;0.000;0.000;0.000;0.000;range.py:293(step)
25;0.000;0.000;0.000;0.000;range.py:353(dtype)
1;0.000;0.000;0.000;0.000;range.py:378(inferred_type)
3;0.000;0.000;0.000;0.000;range.py:453(_view)
2;0.000;0.000;0.000;0.000;range.py:458(copy)
1;0.000;0.000;0.000;0.000;readers.py:1444(close)
1;0.000;0.000;0.000;0.000;readers.py:1449(_get_options_with_defaults)
1;0.000;0.000;0.000;0.000;readers.py:1516(_check_file_or_buffer)
1;0.000;0.000;0.000;0.000;readers.py:1527(_clean_options)
1;0.000;0.000;0.000;0.000;readers.py:1812(__enter__)
1;0.000;0.000;0.000;0.000;readers.py:1815(__exit__)
1;0.000;0.000;0.000;0.000;readers.py:1879(_clean_na_values)
1;0.000;0.000;0.000;0.000;readers.py:1954(_refine_defaults_read)
1;0.000;0.000;0.000;0.000;readers.py:2132(_extract_dialect)
1;0.000;0.000;0.000;0.000;readers.py:2230(_validate_skipfooter)
2;0.000;0.000;0.000;0.000;readers.py:517(validate_integer)
1;0.000;0.000;0.000;0.000;readers.py:547(_validate_names)
1;0.000;0.000;0.000;0.000;rolling.py:121(__init__)
1;0.000;0.000;0.000;0.000;rolling.py:1821(_validate)
1;0.000;0.000;0.000;0.000;rolling.py:196(_validate)
1;0.000;0.000;0.000;0.000;rolling.py:239(_check_window_bounds)
1;0.000;0.000;0.000;0.000;rolling.py:254(_slice_axis_for_step)
1;0.000;0.000;0.000;0.000;rolling.py:264(_validate_numeric_only)
1;0.000;0.000;0.000;0.000;rolling.py:298(_create_data)
1;0.000;0.000;0.000;0.000;rolling.py:347(__getattr__)
1;0.000;0.000;0.000;0.000;rolling.py:390(_prep_values)
1;0.000;0.000;0.000;0.000;rolling.py:457(_get_window_indexer)
1;0.000;0.000;0.000;0.000;roperator.py:53(rand_)
11;0.000;0.000;0.000;0.000;series.py:1274(_clear_item_cache)
1;0.000;0.000;0.000;0.000;series.py:2352(duplicated)
4;0.000;0.000;0.000;0.000;series.py:4818(_reindex_indexer)
2;0.000;0.000;0.000;0.000;series.py:4843(align)
1;0.000;0.000;0.000;0.000;series.py:5287(fillna)
1;0.000;0.000;0.000;0.000;series.py:5707(isna)
5;0.000;0.000;0.000;0.000;series.py:743(array)
3;0.000;0.000;0.000;0.000;series.py:947(_ixs)
3;0.000;0.000;0.000;0.000;shape_base.py:19(_atleast_1d_dispatcher)
8;0.000;0.000;0.000;0.000;shape_base.py:207(_arrays_for_stack_dispatcher)
8;0.000;0.000;0.000;0.000;shape_base.py:218(_vhstack_dispatcher)
3;0.000;0.000;0.000;0.000;shape_base.py:23(atleast_1d)
8;0.000;0.000;0.000;0.000;shape_base.py:77(_atleast_2d_dispatcher)
8;0.000;0.000;0.000;0.000;shape_base.py:81(atleast_2d)
4;0.000;0.000;0.000;0.000;socket.py:543(send)
1;0.000;0.000;0.000;0.000;sorting.py:639(get_group_index_sorter)
2;0.000;0.000;0.000;0.000;stride_tricks.py:416(_broadcast_shape)
2;0.000;0.000;0.000;0.000;stride_tricks.py:476(_broadcast_arrays_dispatcher)
2;0.000;0.000;0.000;0.000;stride_tricks.py:480(broadcast_arrays)
2;0.000;0.000;0.000;0.000;stride_tricks.py:538(<listcomp>)
9;0.000;0.000;0.000;0.000;stride_tricks.py:542(<genexpr>)
2;0.000;0.000;0.000;0.000;string_.py:118(construct_from_string)
70;0.000;0.000;0.000;0.000;take.py:326(_get_take_nd_function)
4;0.000;0.000;0.000;0.000;threading.py:1118(_wait_for_tstate_lock)
4;0.000;0.000;0.000;0.000;threading.py:1185(is_alive)
4;0.000;0.000;0.000;0.000;threading.py:568(is_set)
9;0.000;0.000;0.000;0.000;timedeltas.py:1008(_validate_td64_dtype)
3;0.000;0.000;0.000;0.000;timedeltas.py:118(__new__)
14;0.000;0.000;0.000;0.000;timedeltas.py:118(_scalar_type)
2;0.000;0.000;0.000;0.000;timedeltas.py:140(_box_func)
988;0.000;0.000;0.000;0.000;timedeltas.py:146(dtype)
1;0.000;0.000;0.000;0.000;timedeltas.py:171(_validate_dtype)
8;0.000;0.000;0.000;0.000;timedeltas.py:179(_simple_new)
4;0.000;0.000;0.000;0.000;timedeltas.py:193(_from_sequence)
3;0.000;0.000;0.000;0.000;timedeltas.py:205(_from_sequence_not_strict)
7;0.000;0.000;0.000;0.000;timedeltas.py:279(_unbox_scalar)
7;0.000;0.000;0.000;0.000;timedeltas.py:288(_check_compatible_with)
3;0.000;0.000;0.000;0.000;timedeltas.py:714(total_seconds)
7;0.000;0.000;0.000;0.000;timedeltas.py:845(sequence_to_td64ns)
3;0.000;0.000;0.000;0.000;typing.py:1297(__instancecheck__)
3;0.000;0.000;0.000;0.000;typing.py:1572(__subclasscheck__)
14;0.000;0.000;0.000;0.000;utils.py:191(validate_indices)
1;0.000;0.000;0.000;0.000;utils.py:355(unpack_1tuple)
40;0.000;0.000;0.000;0.000;warnings.py:165(simplefilter)
86;0.000;0.000;0.000;0.000;warnings.py:181(_add_filter)
86;0.000;0.000;0.000;0.000;warnings.py:440(__init__)
86;0.000;0.000;0.000;0.000;warnings.py:466(__enter__)
86;0.000;0.000;0.000;0.000;warnings.py:487(__exit__)
69;0.000;0.000;0.000;0.000;{built-in method _abc._abc_instancecheck}
2;0.000;0.000;0.000;0.000;{built-in method _abc._abc_subclasscheck}
1;0.000;0.000;0.000;0.000;{built-in method _codecs.lookup_error}
1;0.000;0.000;0.000;0.000;{built-in method _codecs.lookup}
2;0.000;0.000;0.000;0.000;{built-in method _from_value_and_reso}
2;0.000;0.000;0.000;0.000;{built-in method _locale.setlocale}
11;0.000;0.000;0.000;0.000;{built-in method _operator.and_}
6;0.000;0.000;0.000;0.000;{built-in method _operator.eq}
3;0.000;0.000;0.000;0.000;{built-in method _operator.ge}
1;0.000;0.000;0.000;0.000;{built-in method _operator.inv}
3;0.000;0.000;0.000;0.000;{built-in method _operator.le}
1;0.000;0.000;0.000;0.000;{built-in method _operator.mul}
2;0.000;0.000;0.000;0.000;{built-in method _operator.or_}
1;0.000;0.000;0.000;0.000;{built-in method _operator.truediv}
258;0.000;0.000;0.000;0.000;{built-in method _warnings._filters_mutated}
12;0.000;0.000;0.000;0.000;{built-in method builtins.id}
1;0.000;0.000;0.000;0.000;{built-in method builtins.locals}
56;0.000;0.000;0.000;0.000;{built-in method builtins.next}
1;0.000;0.000;0.000;0.000;{built-in method builtins.ord}
38;0.000;0.000;0.000;0.000;{built-in method builtins.setattr}
1;0.000;0.000;0.000;0.000;{built-in method gc.get_referents}
10;0.000;0.000;0.000;0.000;{built-in method numpy.datetime_data}
10;0.000;0.000;0.000;0.000;{built-in method numpy.zeros}
1;0.000;0.000;0.000;0.000;{built-in method pandas._libs.lib.is_bool_array}
3;0.000;0.000;0.000;0.000;{built-in method pandas._libs.lib.is_datetime_array}
6;0.000;0.000;0.000;0.000;{built-in method pandas._libs.missing.is_matching_na}
3;0.000;0.000;0.000;0.000;{built-in method pandas._libs.tslibs.dtypes.periods_per_second}
5;0.000;0.000;0.000;0.000;{built-in method pandas._libs.tslibs.offsets.to_offset}
4;0.000;0.000;0.000;0.000;{built-in method pandas._libs.tslibs.timezones.maybe_get_tz}
3;0.000;0.000;0.000;0.000;{built-in method posix.fspath}
18;0.000;0.000;0.000;0.000;{built-in method posix.getpid}
1;0.000;0.000;0.000;0.000;{built-in method strptime}
1;0.000;0.000;0.000;0.000;{built-in method sys.getfilesystemencoding}
11;0.000;0.000;0.000;0.000;{built-in method sys.intern}
6;0.000;0.000;0.000;0.000;{built-in method time.time}
4;0.000;0.000;0.000;0.000;{function FrozenList.__getitem__ at 0x112666ac0}
18;0.000;0.000;0.000;0.000;{method '__exit__' of '_thread.RLock' objects}
1;0.000;0.000;0.000;0.000;{method '__exit__' of '_thread.lock' objects}
13;0.000;0.000;0.000;0.000;{method '_rebuild_blknos_and_blklocs' of 'pandas._libs.internals.BlockManager' objects}
2;0.000;0.000;0.000;0.000;{method '_set_freq' of 'pandas._libs.tslibs.timestamps._Timestamp' objects}
4;0.000;0.000;0.000;0.000;{method 'acquire' of '_thread.lock' objects}
9;0.000;0.000;0.000;0.000;{method 'add' of 'pandas._libs.internals.BlockPlacement' objects}
23;0.000;0.000;0.000;0.000;{method 'add' of 'set' objects}
4;0.000;0.000;0.000;0.000;{method 'append' of 'collections.deque' objects}
10;0.000;0.000;0.000;0.000;{method 'append' of 'pandas._libs.internals.BlockPlacement' objects}
2;0.000;0.000;0.000;0.000;{method 'clip' of 'numpy.ndarray' objects}
1;0.000;0.000;0.000;0.000;{method 'close' of '_io.TextIOWrapper' objects}
1;0.000;0.000;0.000;0.000;{method 'close' of 'pandas._libs.parsers.TextReader' objects}
24;0.000;0.000;0.000;0.000;{method 'copy' of 'dict' objects}
10;0.000;0.000;0.000;0.000;{method 'delete' of 'pandas._libs.internals.BlockPlacement' objects}
1;0.000;0.000;0.000;0.000;{method 'disable' of '_lsprof.Profiler' objects}
1;0.000;0.000;0.000;0.000;{method 'encode' of 'str' objects}
1;0.000;0.000;0.000;0.000;{method 'end' of 're.Match' objects}
11;0.000;0.000;0.000;0.000;{method 'endswith' of 'str' objects}
81;0.000;0.000;0.000;0.000;{method 'format' of 'str' objects}
1;0.000;0.000;0.000;0.000;{method 'groupdict' of 're.Match' objects}
106;0.000;0.000;0.000;0.000;{method 'insert' of 'list' objects}
4;0.000;0.000;0.000;0.000;{method 'is_integer' of 'float' objects}
40;0.000;0.000;0.000;0.000;{method 'item' of 'numpy.ndarray' objects}
13;0.000;0.000;0.000;0.000;{method 'lower' of 'str' objects}
1;0.000;0.000;0.000;0.000;{method 'lstrip' of 'str' objects}
4;0.000;0.000;0.000;0.000;{method 'match' of 're.Pattern' objects}
23;0.000;0.000;0.000;0.000;{method 'max' of 'numpy.ndarray' objects}
14;0.000;0.000;0.000;0.000;{method 'min' of 'numpy.ndarray' objects}
137;0.000;0.000;0.000;0.000;{method 'pop' of 'dict' objects}
6;0.000;0.000;0.000;0.000;{method 'pop' of 'set' objects}
86;0.000;0.000;0.000;0.000;{method 'remove' of 'list' objects}
48;0.000;0.000;0.000;0.000;{method 'reshape' of 'numpy.ndarray' objects}
2;0.000;0.000;0.000;0.000;{method 'reverse' of 'list' objects}
9;0.000;0.000;0.000;0.000;{method 'startswith' of 'str' objects}
2;0.000;0.000;0.000;0.000;{method 'toordinal' of 'datetime.date' objects}
20;0.000;0.000;0.000;0.000;{method 'transpose' of 'numpy.ndarray' objects}
12;0.000;0.000;0.000;0.000;{method 'update' of 'dict' objects}
6;0.000;0.000;0.000;0.000;{method 'upper' of 'str' objects}
870;0.000;0.000;0.000;0.000;{method 'values' of 'dict' objects}
4;0.000;0.000;0.000;0.000;{method 'view' of 'numpy.generic' objects}
1;0.000;0.000;0.000;0.000;{method 'weekday' of 'datetime.date' objects}
18;0.000;0.000;0.000;0.000;{method 'write' of '_io.StringIO' objects}
2;0.000;0.000;0.000;0.000;{pandas._libs.algos.ensure_float64}
17;0.000;0.000;0.000;0.000;{pandas._libs.algos.ensure_object}
1;0.000;0.000;0.000;0.000;{pandas._libs.algos.groupsort_indexer}
9;0.000;0.000;0.000;0.000;{pandas._libs.algos.take_1d_float64_float64}
19;0.000;0.000;0.000;0.000;{pandas._libs.algos.take_1d_int64_int64}
5;0.000;0.000;0.000;0.000;{pandas._libs.algos.take_2d_axis1_int64_int64}
17;0.000;0.000;0.000;0.000;{pandas._libs.internals.get_blkno_placements}
2;0.000;0.000;0.000;0.000;{pandas._libs.lib.array_equivalent_object}
7;0.000;0.000;0.000;0.000;{pandas._libs.lib.dtypes_all_equal}
1;0.000;0.000;0.000;0.000;{pandas._libs.lib.fast_unique_multiple_list}
1;0.000;0.000;0.000;0.000;{pandas._libs.lib.generate_slices}
4;0.000;0.000;0.000;0.000;{pandas._libs.lib.is_all_arraylike}
3;0.000;0.000;0.000;0.000;{pandas._libs.lib.is_bool_list}
884;0.000;0.000;0.000;0.000;{pandas._libs.lib.is_bool}
2;0.000;0.000;0.000;0.000;{pandas._libs.lib.maybe_indices_to_slice}
1;0.000;0.000;0.000;0.000;{pandas._libs.tslibs.parsing.format_is_iso}
12785666/1;2327471;2.417;0.000;3.310;0.000 {built-in method builtins.getattr}
33314925/3;1874699;7.770;0.000;16.181;0.000 {built-in method builtins.isinstance}
1311286/13;11274;0.955;0.000;3.832;0.000 {built-in method builtins.all}
7675456/59;7365;2.088;0.000;2.968;0.000 {built-in method builtins.len}
392778/196;406    1.;097    0;.000   66;.470    0;.000 common.py:57(new_method)
261827/130;914    0.;638    0;.000   46;.859    0;.000 arraylike.py:48(__lt__)
525571/525;568    3.;234    0;.000   25;.400    0;.000 series.py:342(__init__)
261827/130;914    3.;295    0;.000   24;.364    0;.000 {built-in method _operator.lt}
654974/523;925    4.;310    0;.000   12;.470    0;.000 {built-in method numpy.core._multiarray_umath.implement_array_function}
328272/328;267    0.;236    0;.000    4;.257    0;.000 missing.py:108(isna)
328272/328;267    0.;538    0;.000    4;.021    0;.000 missing.py:191(_isna)
916815/720;433    1.;036    0;.000    1;.618    0;.000 {built-in method numpy.asarray}
1;0.045;0.045;269.171;269.171;<string>:1(<module>)
1;0.000;0.000;269.171;269.171;{built-in method builtins.exec}
1;3.525;3.525;269.126;269.126;<ipython-input-134-80e15ba39301>:5(read_egg_v3_lowerP)
524591;109.665;0.000;110.762;0.000;{built-in method builtins.any}
130931;1.117;0.000;46.741;0.000;series.py:6233(_cmp_method)
65456;0.494;0.000;40.753;0.001;indexing.py:806(__setitem__)
65456;0.685;0.000;33.309;0.001;indexing.py:1658(_setitem_with_indexer)
65456;0.967;0.000;31.245;0.000;indexing.py:1799(_setitem_with_indexer_split_path)
130931;0.508;0.000;25.764;0.000;array_ops.py:231(comparison_op)
65456;0.262;0.000;22.459;0.000;generic.py:12094(__iadd__)
130913;2.677;0.000;22.304;0.000;datetimelike.py:1048(_cmp_method)
196406;0.835;0.000;22.212;0.000;series.py:3194(_construct_result)
65456;0.355;0.000;22.197;0.000;generic.py:12068(_inplace_method)
130920;0.220;0.000;18.221;0.000;series.py:5428(shift)
130920;0.567;0.000;18.001;0.000;generic.py:10058(shift)
65457;0.070;0.000;17.771;0.000;arraylike.py:100(__add__)
65462;0.129;0.000;17.702;0.000;series.py:6257(_arith_method)
65462;0.579;0.000;17.455;0.000;base.py:1316(_arith_method)
196402;1.144;0.000;16.966;0.000;managers.py:301(apply)
65456;0.256;0.000;15.129;0.000;indexing.py:1244(_getitem_tuple)
65456;0.595;0.000;14.657;0.000;indexing.py:931(_getitem_lowerdim)
130920;0.328;0.000;13.411;0.000;managers.py:424(shift)
130914;0.506;0.000;12.805;0.000;indexing.py:1276(_getitem_axis)
65456;0.542;0.000;12.619;0.000;indexing.py:1957(_setitem_single_column)
65456;0.914;0.000;11.740;0.000;indexing.py:2202(_align_series)
130913;0.252;0.000;11.250;0.000;blocks.py:1975(shift)
130913;0.330;0.000;10.390;0.000;_mixins.py:251(shift)
65456;0.397;0.000;9.846;0.000;managers.py:1368(column_setitem)
65457;0.196;0.000;9.463;0.000;indexing.py:1087(_getbool_axis)
8396720;3.944;0.000;8.637;0.000;generic.py:45(_instancecheck)
130920;1.111;0.000;8.195;0.000;transforms.py:10(shift)
328225;1.581;0.000;7.560;0.000;frame.py:3758(__getitem__)
65462;0.074;0.000;7.299;0.000;array_ops.py:185(arithmetic_op)
130920;0.225;0.000;7.083;0.000;<__array_function__ internals>:177(roll)
65457;0.063;0.000;7.057;0.000;{built-in method _operator.add}
196368;0.441;0.000;7.020;0.000;datetimelike.py:398(__setitem__)
130920;5.317;0.000;6.382;0.000;numeric.py:1147(roll)
65457;0.162;0.000;6.348;0.000;datetimelike.py:1428(__add__)
65458;0.642;0.000;6.150;0.000;datetimelike.py:1243(_add_timedeltalike_scalar)
65456;0.455;0.000;6.101;0.000;indexing.py:672(_get_setitem_indexer)
130921;0.349;0.000;5.801;0.000;indexing.py:2522(check_bool_indexer)
589115;0.430;0.000;5.779;0.000;datetimes.py:458(_check_compatible_with)
196368;1.446;0.000;5.649;0.000;_mixins.py:264(__setitem__)
722944;1.505;0.000;5.543;0.000;generic.py:5904(__setattr__)
460950;2.557;0.000;5.426;0.000;generic.py:5844(__finalize__)
65456;0.071;0.000;5.314;0.000;series.py:936(_take_with_is_copy)
458195;0.500;0.000;5.288;0.000;datetimelike.py:793(_unbox)
65456;0.492;0.000;5.244;0.000;series.py:916(take)
458196;0.766;0.000;5.185;0.000;datetimes.py:681(_assert_tzawareness_compat)
65456;0.142;0.000;5.018;0.000;indexing.py:892(_convert_tuple)
327292;4.403;0.000;4.829;0.000;datetimelike.py:882(_isnan)
65456;0.145;0.000;4.827;0.000;indexing.py:896(<listcomp>)
130912;0.435;0.000;4.682;0.000;indexing.py:1333(_convert_to_indexer)
8396720;3.275;0.000;4.467;0.000;generic.py:40(_check)
261904;0.553;0.000;4.465;0.000;managers.py:1934(from_array)
983854;1.404;0.000;4.359;0.000;series.py:661(name)
329011;1.333;0.000;4.319;0.000;utils.py:430(check_array_indexer)
852763;0.812;0.000;4.206;0.000;base.py:286(is_dtype)
328218;0.419;0.000;4.158;0.000;frame.py:4274(_get_item_cache)
460026;4.150;0.000;4.150;0.000;{method 'reduce' of 'numpy.ufunc' objects}
65456;0.162;0.000;4.044;0.000;managers.py:379(setitem)
65469;0.479;0.000;3.809;0.000;managers.py:1183(iset)
196374;0.277;0.000;3.658;0.000;<__array_function__ internals>:177(putmask)
65459;1.272;0.000;3.536;0.000;algorithms.py:1166(checked_add_with_arr)
130981;0.366;0.000;3.526;0.000;base.py:5464(equals)
66371;0.230;0.000;3.494;0.000;frame.py:3703(_ixs)
196465;1.050;0.000;3.494;0.000;construction.py:493(sanitize_array)
196369;0.276;0.000;3.482;0.000;datetimelike.py:785(_validate_setitem_value)
327298;0.708;0.000;3.260;0.000;common.py:96(is_bool_indexer)
197283;0.169;0.000;3.230;0.000;blocks.py:827(iget)
131827;0.799;0.000;3.183;0.000;managers.py:1129(iget)
394475;0.446;0.000;3.103;0.000;common.py:427(is_period_dtype)
198101;0.645;0.000;3.101;0.000;datetimelike.py:347(__getitem__)
261930;0.939;0.000;3.063;0.000;blocks.py:2172(new_block)
65456;0.210;0.000;3.035;0.000;blocks.py:1380(setitem)
196368;0.423;0.000;2.982;0.000;utils.py:294(length_of_indexer)
983869;0.841;0.000;2.955;0.000;common.py:1725(validate_all_hashable)
261933;0.249;0.000;2.937;0.000;config.py:262(__call__)
131793;0.225;0.000;2.782;0.000;missing.py:268(_isna_array)
458212;0.470;0.000;2.772;0.000;common.py:352(is_datetime64tz_dtype)
261934;0.427;0.000;2.688;0.000;config.py:134(_get_option)
199060;1.616;0.000;2.642;0.000;base.py:5304(__getitem__)
394475;0.552;0.000;2.582;0.000;dtypes.py:977(is_dtype)
65477;0.377;0.000;2.582;0.000;missing.py:460(array_equivalent)
65460;0.163;0.000;2.484;0.000;range.py:956(__getitem__)
396242;1.051;0.000;2.456;0.000;_ufunc_config.py:33(seterr)
65459;0.205;0.000;2.447;0.000;managers.py:1339(_iset_single)
130915;0.099;0.000;2.434;0.000;datetimelike.py:879(isna)
130913;0.420;0.000;2.324;0.000;datetimelike.py:570(_validate_comparison_value)
395501;0.362;0.000;2.292;0.000;construction.py:399(extract_array)
66322;0.072;0.000;2.281;0.000;{method 'sum' of 'numpy.ndarray' objects}
66322;0.050;0.000;2.209;0.000;_methods.py:47(_sum)
65456;0.062;0.000;2.127;0.000;blocks.py:843(set_inplace)
328193;0.287;0.000;2.120;0.000;{method 'any' of 'numpy.ndarray' objects}
788042;1.040;0.000;2.047;0.000;indexing.py:2656(check_deprecated_indexers)
526455;1.560;0.000;1.966;0.000;generic.py:259(__init__)
261938;0.508;0.000;1.929;0.000;series.py:565(_set_axis)
198097;0.235;0.000;1.846;0.000;datetimelike.py:368(_get_getitem_freq)
327415;0.454;0.000;1.839;0.000;common.py:162(is_object_dtype)
394549;0.739;0.000;1.836;0.000;common.py:1278(is_bool_dtype)
328193;0.206;0.000;1.833;0.000;_methods.py:55(_any)
658495;0.818;0.000;1.811;0.000;common.py:1591(_is_dtype_type)
130913;0.238;0.000;1.768;0.000;datetimelike.py:606(_validate_shift_value)
2489581;1.529;0.000;1.720;0.000;{pandas._libs.lib.is_list_like}
261936;0.615;0.000;1.651;0.000;config.py:116(_get_single_key)
198121;0.296;0.000;1.618;0.000;_ufunc_config.py:430(__enter__)
1049085;0.550;0.000;1.599;0.000;series.py:708(_values)
1112887;0.519;0.000;1.566;0.000;series.py:596(dtype)
1769505;1.067;0.000;1.562;0.000;series.py:611(name)
198121;0.356;0.000;1.490;0.000;_ufunc_config.py:435(__exit__)
65456;0.055;0.000;1.447;0.000;frame.py:3737(_get_column_array)
1967738;0.782;0.000;1.413;0.000;common.py:1744(<genexpr>)
196371;0.221;0.000;1.409;0.000;generic.py:1390(_indexed_same)
65456;0.173;0.000;1.391;0.000;managers.py:1143(iget_values)
65459;0.091;0.000;1.253;0.000;<__array_function__ internals>:177(broadcast_to)
66371;0.206;0.000;1.183;0.000;frame.py:4257(_box_col_values)
65456;0.201;0.000;1.169;0.000;indexing.py:705(_maybe_mask_setitem_value)
327449;0.411;0.000;1.163;0.000;base.py:7372(maybe_extract_name)
917309;0.845;0.000;1.140;0.000;generic.py:564(_get_axis)
590993;0.889;0.000;1.093;0.000;managers.py:1891(__init__)
1639567;0.790;0.000;1.081;0.000;inference.py:325(is_hashable)
523713;0.326;0.000;1.081;0.000;inference.py:188(is_array_like)
65459;0.075;0.000;1.079;0.000;stride_tricks.py:367(broadcast_to)
1112766;0.728;0.000;1.074;0.000;datetimes.py:520(tz)
196410;0.213;0.000;1.062;0.000;common.py:77(get_op_result_name)
1049085;0.939;0.000;1.049;0.000;managers.py:2069(internal_values)
1112887;0.874;0.000;1.048;0.000;managers.py:2058(dtype)
65457;0.093;0.000;1.044;0.000;<__array_function__ internals>:177(array_equal)
392742;0.370;0.000;1.034;0.000;generic.py:1392(<genexpr>)
65456;0.072;0.000;1.031;0.000;indexing.py:1258(_get_label)
65468;0.368;0.000;1.023;0.000;base.py:1168(take)
1705130;0.567;0.000;1.014;0.000;{built-in method builtins.hasattr}
65459;0.707;0.000;1.004;0.000;stride_tricks.py:340(_broadcast_to)
131670;0.275;0.000;1.000;0.000;series.py:966(__getitem__)